id,first_name,last_name
1,Michael,P.
2,Shawn,M.
3,Kathleen,P.
4,Jimmy,C.
5,Katherine,R.
6,Sarah,R.
7,Martin,M.
8,Frank,R.
9,Jennifer,F.
10,Henry,W.
11,Fred,S.
12,Amy,D.
13,Kathleen,M.
14,Steve,F.
15,Teresa,H.
16,Amanda,H.
17,Kimberly,R.
18,Johnny,K.
19,Virginia,F.
20,Anna,A.
21,Willie,H.
22,Sean,H.
23,Mildred,A.
24,David,G.
25,Victor,H.
26,Aaron,R.
27,Benjamin,B.
28,Lisa,W.
29,Benjamin,K.
30,Christina,W.
31,Jane,G.
32,Thomas,O.
33,Katherine,M.
34,Jennifer,S.
35,Sara,T.
36,Harold,O.
37,Shirley,J.
38,Dennis,J.
39,Louise,W.
40,Maria,A.
41,Gloria,C.
42,Diana,S.
43,Kelly,N.
44,Jane,R.
45,Scott,B.
46,Norma,C.
47,Marie,P.
48,Lillian,C.
49,Judy,N.
50,Billy,L.
51,Howard,R.
52,Laura,F.
53,Anne,B.
54,Rose,M.
55,Nicholas,R.
56,Joshua,K.
57,Paul,W.
58,Kathryn,K.
59,Adam,A.
60,Norma,W.
61,Timothy,R.
62,Elizabeth,P.
63,Edward,G.
64,David,C.
65,Brenda,W.
66,Adam,W.
67,Michael,H.
68,Jesse,E.
69,Janet,P.
70,Helen,F.
71,Gerald,C.
72,Kathryn,O.
73,Alan,B.
74,Harry,A.
75,Andrea,H.
76,Barbara,W.
77,Anne,W.
78,Harry,H.
79,Jack,R.
80,Phillip,H.
81,Shirley,H.
82,Arthur,D.
83,Virginia,R.
84,Christina,R.
85,Theresa,M.
86,Jason,C.
87,Phillip,B.
88,Adam,T.
89,Margaret,J.
90,Paul,P.
91,Todd,W.
92,Willie,O.
93,Frances,R.
94,Gregory,H.
95,Lisa,P.
96,Jacqueline,A.
97,Shirley,D.
98,Nicole,M.
99,Mary,G.
100,Jean,M.
101,Finn,E.
102,Levi,U.
103,Emma,C.
104,Lotte,D.
105,Zoë,S.
106,Emma,Q.
107,Sem,B.
108,Liam,N.
109,Sara,C.
110,Mila,C.
111,Lotte,N.
112,Emma,S.
113,Sophie,H.
114,Jesse,B.
115,Jesse,S.
116,Levi,B.
117,Mila,B.
118,Lotte,E.
119,Tess,N.
120,Daan,R.
121,Sophie,S.
122,Tess,R.
123,Julia,D.
124,Jesse,S.
125,Sem,L.
126,Sophie,R.
127,Liam,S.
128,Emma,T.
129,Sem,P.
130,Lotte,N.
131,Finn,O.
132,Jesse,O.
133,Zoë,J.
134,Mila,Z.
135,Julia,W.
136,Mila,C.
137,Jesse,J.
138,Milan,P.
139,Finn,X.
140,Bram,J.
141,Fleur,C.
142,Sophie,Q.
143,Sara,F.
144,Finn,E.
145,Eva,N.
146,Emma,V.
147,Liam,Y.
148,Lotte,S.
149,Finn,K.
150,Zoë,T.
151,Eva,S.
152,Bram,C.
153,Liam,I.
154,Eva,W.
155,Liam,B.
156,Tess,U.
157,Jesse,V.
158,Bram,J.
159,Levi,V.
160,Zoë,A.
161,Bram,L.
162,Julia,T.
163,Sophie,P.
164,Emma,G.
165,Tess,E.
166,Mila,M.
167,Levi,P.
168,Liam,F.
169,Bram,M.
170,Lotte,I.
171,Daan,N.
172,Lotte,I.
173,Sara,L.
174,Levi,H.
175,Daan,C.
176,Julia,E.
177,Mila,V.
178,Mila,A.
179,Eva,S.
180,Julia,I.
181,Tess,A.
182,Daan,N.
183,Lotte,L.
184,Fleur,S.
185,Finn,E.
186,Milan,T.
187,Emma,O.
188,Lotte,M.
189,Levi,M.
190,Levi,D.
191,Eva,U.
192,Levi,B.
193,Sem,C.
194,Sem,O.
195,Julia,D.
196,Finn,T.
197,Emma,D.
198,Noah,S.
199,Daan,R.
200,Sophie,L.
201,Fleur,A.
202,Liam,G.
203,Fleur,M.
204,Daan,U.
205,Lucas,L.
206,Fleur,L.
207,Eva,D.
208,Sophie,P.
209,Bram,P.
210,Eva,J.
211,Liam,E.
212,Sophie,X.
213,Finn,X.
214,Lucas,P.
215,Julia,Q.
216,Noah,G.
217,Milan,L.
218,Daan,W.
219,Lotte,A.
220,Milan,J.
221,Liam,W.
222,Lucas,Q.
223,Zoë,F.
224,Zoë,Y.
225,Mila,R.
226,Lotte,Y.
227,Milan,K.
228,Mila,T.
229,Sem,Z.
230,Mila,M.
231,Mila,G.
232,Milan,P.
233,Zoë,X.
234,Noah,A.
235,Lucas,P.
236,Lucas,G.
237,Fleur,L.
238,Bram,Z.
239,Zoë,L.
240,Liam,H.
241,Sophie,H.
242,Eva,G.
243,Finn,G.
244,Eva,T.
245,Fleur,A.
246,Eva,U.
247,Zoë,Z.
248,Liam,V.
249,Sophie,M.
250,Sem,P.
251,Julia,N.
252,Finn,C.
253,Levi,O.
254,Levi,X.
255,Liam,X.
256,Julia,F.
257,Daan,A.
258,Daan,S.
259,Bram,Z.
260,Daan,T.
261,Fleur,P.
262,Zoë,E.
263,Lotte,R.
264,Daan,A.
265,Noah,Z.
266,Sophie,Q.
267,Daan,N.
268,Sem,G.
269,Noah,I.
270,Sem,J.
271,Milan,H.
272,Jesse,K.
273,Lucas,R.
274,Sara,E.
275,Emma,X.
276,Zoë,O.
277,Jesse,Q.
278,Sara,Q.
279,Daan,R.
280,Daan,Q.
281,Milan,A.
282,Bram,Y.
283,Julia,T.
284,Noah,Y.
285,Daan,F.
286,Daan,P.
287,Fleur,X.
288,Sophie,R.
289,Emma,K.
290,Milan,Q.
291,Lotte,P.
292,Sophie,R.
293,Emma,H.
294,Sem,I.
295,Emma,Y.
296,Sophie,Q.
297,Bram,R.
298,Noah,Y.
299,Liam,O.
300,Finn,T.
301,Milan,T.
302,Milan,G.
303,Lucas,O.
304,Milan,R.
305,Eva,Q.
306,Mila,W.
307,Milan,I.
308,Lotte,G.
309,Bram,E.
310,Sara,D.
311,Levi,O.
312,Finn,C.
313,Mila,N.
314,Liam,G.
315,Tess,Z.
316,Sophie,Y.
317,Daan,W.
318,Zoë,E.
319,Lucas,E.
320,Bram,H.
321,Sophie,M.
322,Eva,F.
323,Mila,F.
324,Sara,Q.
325,Levi,K.
326,Sara,G.
327,Zoë,K.
328,Liam,X.
329,Zoë,A.
330,Finn,R.
331,Bram,O.
332,Noah,M.
333,Finn,Q.
334,Fleur,J.
335,Milan,C.
336,Sophie,Z.
337,Mila,D.
338,Liam,I.
339,Lucas,B.
340,Julia,I.
341,Daan,N.
342,Lucas,M.
343,Daan,R.
344,Milan,S.
345,Eva,W.
346,Finn,C.
347,Lucas,B.
348,Julia,N.
349,Liam,I.
350,Noah,U.
351,Liam,Z.
352,Lucas,C.
353,Fleur,H.
354,Liam,I.
355,Sophie,O.
356,Noah,K.
357,Lotte,N.
358,Lucas,T.
359,Daan,B.
360,Milan,W.
361,Mila,D.
362,Julia,I.
363,Emma,F.
364,Sem,J.
365,Tess,Q.
366,Sem,J.
367,Bram,Q.
368,Julia,I.
369,Zoë,Z.
370,Noah,I.
371,Emma,A.
372,Noah,X.
373,Milan,R.
374,Sem,Q.
375,Eva,H.
376,Bram,D.
377,Sara,V.
378,Eva,R.
379,Levi,Q.
380,Tess,W.
381,Sem,H.
382,Finn,G.
383,Daan,M.
384,Zoë,B.
385,Daan,A.
386,Liam,U.
387,Lucas,N.
388,Julia,B.
389,Liam,V.
390,Levi,Q.
391,Tess,T.
392,Mila,W.
393,Tess,B.
394,Bram,F.
395,Julia,I.
396,Bram,A.
397,Lucas,L.
398,Finn,R.
399,Finn,H.
400,Emma,J.
401,Sem,L.
402,Julia,A.
403,Finn,M.
404,Liam,P.
405,Lucas,Q.
406,Sem,H.
407,Milan,Y.
408,Noah,C.
409,Lucas,C.
410,Daan,M.
411,Jesse,B.
412,Levi,A.
413,Tess,J.
414,Mila,C.
415,Jesse,Q.
416,Daan,V.
417,Fleur,M.
418,Finn,X.
419,Eva,E.
420,Tess,X.
421,Fleur,U.
422,Daan,B.
423,Milan,U.
424,Sara,X.
425,Milan,E.
426,Milan,Y.
427,Milan,S.
428,Noah,V.
429,Jesse,Z.
430,Mila,C.
431,Noah,B.
432,Daan,U.
433,Zoë,D.
434,Levi,O.
435,Lotte,B.
436,Noah,U.
437,Lotte,V.
438,Mila,P.
439,Lucas,A.
440,Bram,Z.
441,Liam,X.
442,Milan,R.
443,Liam,V.
444,Milan,C.
445,Eva,I.
446,Liam,I.
447,Mila,X.
448,Sem,H.
449,Bram,P.
450,Levi,C.
451,Eva,V.
452,Tess,Y.
453,Emma,T.
454,Sem,C.
455,Fleur,E.
456,Finn,I.
457,Tess,T.
458,Jesse,E.
459,Noah,P.
460,Emma,P.
461,Lucas,V.
462,Sophie,W.
463,Sem,V.
464,Eva,J.
465,Milan,J.
466,Bram,O.
467,Bram,Y.
468,Sophie,R.
469,Sem,J.
470,Liam,P.
471,Noah,J.
472,Bram,C.
473,Milan,O.
474,Lucas,M.
475,Sem,G.
476,Liam,S.
477,Liam,E.
478,Milan,I.
479,Zoë,E.
480,Fleur,U.
481,Milan,I.
482,Sophie,W.
483,Zoë,H.
484,Eva,P.
485,Levi,A.
486,Julia,A.
487,Eva,V.
488,Bram,M.
489,Tess,X.
490,Daan,N.
491,Zoë,M.
492,Finn,D.
493,Finn,A.
494,Finn,Y.
495,Finn,M.
496,Sophie,G.
497,Noah,X.
498,Tess,I.
499,Zoë,C.
500,Levi,M.
501,Jesse,C.
502,Zoë,N.
503,Lucas,B.
504,Lucas,D.
505,Emma,V.
506,Tess,U.
507,Daan,H.
508,Lucas,N.
509,Milan,K.
510,Sem,Y.
511,Zoë,Z.
512,Sara,A.
513,Levi,R.
514,Lotte,G.
515,Liam,B.
516,Sara,O.
517,Fleur,Y.
518,Daan,U.
519,Tess,P.
520,Emma,R.
521,Daan,F.
522,Eva,N.
523,Finn,J.
524,Tess,I.
525,Lucas,M.
526,Mila,J.
527,Eva,R.
528,Levi,D.
529,Julia,U.
530,Julia,C.
531,Sem,Q.
532,Eva,R.
533,Mila,O.
534,Finn,Y.
535,Bram,N.
536,Daan,R.
537,Sem,H.
538,Liam,F.
539,Finn,R.
540,Liam,K.
541,Mila,L.
542,Lucas,Z.
543,Jesse,G.
544,Noah,X.
545,Sara,M.
546,Sara,X.
547,Milan,G.
548,Levi,I.
549,Finn,Y.
550,Emma,P.
551,Lucas,S.
552,Zoë,E.
553,Milan,Q.
554,Sem,C.
555,Lucas,H.
556,Levi,M.
557,Bram,N.
558,Tess,A.
559,Daan,B.
560,Sara,W.
561,Eva,S.
562,Eva,A.
563,Liam,M.
564,Milan,O.
565,Bram,H.
566,Sophie,H.
567,Daan,E.
568,Milan,V.
569,Sophie,X.
570,Bram,C.
571,Lotte,Y.
572,Emma,A.
573,Daan,H.
574,Jesse,B.
575,Tess,E.
576,Lucas,Q.
577,Sara,W.
578,Sophie,D.
579,Liam,J.
580,Milan,S.
581,Sem,M.
582,Lucas,H.
583,Fleur,A.
584,Noah,R.
585,Tess,O.
586,Lucas,K.
587,Mila,P.
588,Milan,H.
589,Lotte,H.
590,Noah,N.
591,Tess,B.
592,Noah,G.
593,Eva,V.
594,Sara,C.
595,Lucas,H.
596,Sara,L.
597,Mila,P.
598,Emma,W.
599,Finn,W.
600,Sara,L.
601,Levi,G.
602,Noah,Z.
603,Tess,X.
604,Milan,C.
605,Sem,P.
606,Sem,J.
607,Sem,H.
608,Bram,H.
609,Lucas,Y.
610,Tess,D.
611,Fleur,P.
612,Fleur,F.
613,Mila,P.
614,Sara,V.
615,Emma,T.
616,Daan,M.
617,Emma,G.
618,Noah,T.
619,Daan,N.
620,Emma,W.
621,Emma,F.
622,Levi,O.
623,Finn,X.
624,Sophie,C.
625,Julia,K.
626,Sem,F.
627,Milan,X.
628,Bram,B.
629,Tess,V.
630,Levi,L.
631,Finn,O.
632,Julia,D.
633,Noah,C.
634,Lucas,C.
635,Zoë,N.
636,Sophie,R.
637,Sem,M.
638,Zoë,Y.
639,Tess,Z.
640,Sara,C.
641,Emma,W.
642,Eva,G.
643,Zoë,R.
644,Bram,G.
645,Finn,L.
646,Eva,A.
647,Sara,H.
648,Levi,B.
649,Levi,B.
650,Bram,C.
651,Emma,I.
652,Sem,X.
653,Liam,T.
654,Finn,L.
655,Lucas,K.
656,Fleur,B.
657,Lucas,X.
658,Finn,I.
659,Tess,A.
660,Fleur,Z.
661,Liam,A.
662,Mila,D.
663,Eva,W.
664,Bram,Y.
665,Levi,Z.
666,Lucas,N.
667,Eva,E.
668,Eva,F.
669,Noah,Z.
670,Tess,W.
671,Daan,T.
672,Mila,K.
673,Finn,O.
674,Zoë,Z.
675,Fleur,C.
676,Milan,G.
677,Levi,Y.
678,Julia,H.
679,Sara,C.
680,Emma,P.
681,Lotte,R.
682,Finn,F.
683,Sara,D.
684,Liam,I.
685,Fleur,C.
686,Sem,D.
687,Sara,P.
688,Bram,F.
689,Mila,E.
690,Sara,O.
691,Fleur,V.
692,Mila,X.
693,Lotte,Y.
694,Sophie,Y.
695,Tess,J.
696,Lucas,S.
697,Lucas,L.
698,Lucas,X.
699,Lucas,G.
700,Bram,H.
701,Julia,H.
702,Mila,E.
703,Tess,S.
704,Sem,K.
705,Liam,M.
706,Lucas,H.
707,Milan,Q.
708,Mila,U.
709,Sophie,U.
710,Bram,B.
711,Sophie,A.
712,Eva,H.
713,Bram,L.
714,Emma,J.
715,Mila,D.
716,Emma,G.
717,Fleur,S.
718,Sem,C.
719,Zoë,Q.
720,Julia,O.
721,Fleur,I.
722,Noah,D.
723,Fleur,W.
724,Fleur,L.
725,Sem,B.
726,Zoë,K.
727,Daan,B.
728,Sem,I.
729,Emma,T.
730,Sem,A.
731,Finn,N.
732,Zoë,F.
733,Fleur,J.
734,Liam,G.
735,Emma,Z.
736,Eva,R.
737,Eva,C.
738,Sara,D.
739,Levi,V.
740,Lotte,E.
741,Lotte,C.
742,Julia,M.
743,Lucas,N.
744,Tess,V.
745,Tess,N.
746,Emma,J.
747,Jesse,L.
748,Sara,N.
749,Noah,Y.
750,Zoë,U.
751,Sem,M.
752,Levi,G.
753,Noah,N.
754,Julia,N.
755,Sophie,C.
756,Levi,S.
757,Zoë,O.
758,Julia,E.
759,Noah,B.
760,Lotte,E.
761,Levi,C.
762,Jesse,T.
763,Zoë,X.
764,Milan,F.
765,Daan,L.
766,Tess,F.
767,Milan,F.
768,Liam,D.
769,Levi,P.
770,Sem,J.
771,Daan,B.
772,Eva,K.
773,Emma,T.
774,Levi,C.
775,Fleur,W.
776,Julia,U.
777,Mila,T.
778,Levi,T.
779,Sem,P.
780,Julia,S.
781,Sem,B.
782,Levi,Q.
783,Julia,M.
784,Zoë,D.
785,Daan,H.
786,Sem,B.
787,Lotte,Y.
788,Emma,V.
789,Finn,D.
790,Levi,T.
791,Bram,R.
792,Tess,U.
793,Sara,J.
794,Jesse,H.
795,Sara,M.
796,Zoë,O.
797,Milan,O.
798,Julia,A.
799,Noah,T.
800,Eva,O.
801,Mila,O.
802,Fleur,Y.
803,Bram,F.
804,Eva,M.
805,Sophie,C.
806,Daan,L.
807,Sara,L.
808,Liam,Z.
809,Bram,Q.
810,Milan,V.
811,Emma,B.
812,Daan,C.
813,Finn,Y.
814,Milan,C.
815,Emma,Y.
816,Milan,M.
817,Daan,A.
818,Liam,T.
819,Sophie,G.
820,Daan,P.
821,Tess,Z.
822,Julia,V.
823,Mila,C.
824,Zoë,T.
825,Lucas,F.
826,Finn,T.
827,Lucas,O.
828,Daan,I.
829,Milan,P.
830,Sem,S.
831,Lucas,T.
832,Milan,H.
833,Finn,L.
834,Emma,G.
835,Julia,M.
836,Julia,U.
837,Lucas,V.
838,Finn,M.
839,Julia,Z.
840,Lucas,D.
841,Milan,B.
842,Zoë,O.
843,Lotte,Q.
844,Jesse,W.
845,Sophie,I.
846,Lotte,U.
847,Levi,X.
848,Zoë,I.
849,Levi,L.
850,Jesse,E.
851,Zoë,K.
852,Liam,O.
853,Mila,F.
854,Fleur,X.
855,Emma,J.
856,Milan,I.
857,Tess,U.
858,Jesse,V.
859,Finn,X.
860,Noah,X.
861,Emma,H.
862,Daan,J.
863,Fleur,U.
864,Sara,N.
865,Milan,L.
866,Emma,E.
867,Eva,H.
868,Fleur,U.
869,Emma,A.
870,Emma,A.
871,Jesse,L.
872,Tess,D.
873,Milan,L.
874,Lotte,H.
875,Sara,S.
876,Tess,S.
877,Daan,G.
878,Zoë,T.
879,Eva,F.
880,Daan,A.
881,Mila,W.
882,Daan,O.
883,Sophie,C.
884,Daan,V.
885,Lucas,M.
886,Lucas,A.
887,Emma,U.
888,Lotte,L.
889,Fleur,U.
890,Jesse,O.
891,Fleur,Q.
892,Eva,H.
893,Julia,A.
894,Emma,B.
895,Lotte,A.
896,Levi,F.
897,Mila,F.
898,Emma,Y.
899,Sophie,A.
900,Fleur,R.
901,Sem,E.
902,Sara,G.
903,Milan,T.
904,Milan,U.
905,Sara,T.
906,Julia,Q.
907,Tess,C.
908,Tess,U.
909,Emma,X.
910,Eva,W.
911,Lotte,A.
912,Levi,N.
913,Bram,C.
914,Bram,F.
915,Mila,D.
916,Lucas,H.
917,Emma,D.
918,Finn,X.
919,Lucas,W.
920,Emma,I.
921,Lotte,V.
922,Sara,V.
923,Milan,I.
924,Tess,U.
925,Sem,C.
926,Milan,A.
927,Julia,I.
928,Mila,X.
929,Sem,F.
930,Finn,G.
931,Levi,K.
932,Fleur,H.
933,Levi,U.
934,Lotte,P.
935,Eva,Q.
936,Noah,A.
937,Sara,X.
938,Mila,S.
939,Tess,Z.
940,Sem,M.
941,Fleur,S.
942,Liam,S.
943,Julia,E.
944,Emma,A.
945,Sophie,D.
946,Fleur,F.
947,Zoë,E.
948,Noah,A.
949,Emma,E.
950,Emma,W.
951,Liam,X.
952,Emma,C.
953,Jesse,Y.
954,Zoë,G.
955,Lotte,V.
956,Liam,Y.
957,Levi,D.
958,Mila,G.
959,Sem,D.
960,Emma,B.
961,Liam,Y.
962,Tess,P.
963,Sophie,E.
964,Sophie,Z.
965,Sem,J.
966,Finn,K.
967,Sara,I.
968,Noah,L.
969,Lucas,J.
970,Emma,W.
971,Zoë,K.
972,Fleur,Q.
973,Eva,J.
974,Fleur,X.
975,Noah,Z.
976,Sara,A.
977,Sara,Q.
978,Sophie,L.
979,Eva,W.
980,Emma,R.
981,Jesse,G.
982,Liam,S.
983,Tess,F.
984,Sara,A.
985,Milan,G.
986,Tess,Y.
987,Emma,A.
988,Zoë,P.
989,Sophie,P.
990,Julia,P.
991,Jesse,L.
992,Milan,I.
993,Jesse,F.
994,Tess,G.
995,Mila,P.
996,Julia,D.
997,Liam,P.
998,Lotte,Z.
999,Sophie,U.
1000,Finn,L.
1001,Sophie,M.
1002,Levi,X.
1003,Liam,N.
1004,Noah,L.
1005,Sem,J.
1006,Lucas,N.
1007,Lotte,Q.
1008,Julia,M.
1009,Mila,O.
1010,Daan,R.
1011,Fleur,Y.
1012,Fleur,U.
1013,Emma,L.
1014,Jesse,K.
1015,Milan,E.
1016,Bram,V.
1017,Lotte,X.
1018,Finn,F.
1019,Bram,O.
1020,Lucas,S.
1021,Mila,E.
1022,Finn,O.
1023,Mila,Q.
1024,Sem,I.
1025,Tess,Y.
1026,Fleur,E.
1027,Daan,H.
1028,Finn,T.
1029,Milan,L.
1030,Julia,H.
1031,Finn,G.
1032,Lucas,X.
1033,Sophie,F.
1034,Sophie,G.
1035,Levi,E.
1036,Daan,Z.
1037,Tess,X.
1038,Tess,N.
1039,Lucas,G.
1040,Sophie,U.
1041,Sophie,I.
1042,Sem,M.
1043,Bram,B.
1044,Noah,M.
1045,Sara,W.
1046,Mila,Q.
1047,Tess,O.
1048,Noah,E.
1049,Lucas,T.
1050,Levi,A.
1051,Mila,N.
1052,Jesse,S.
1053,Sara,H.
1054,Jesse,H.
1055,Julia,U.
1056,Sophie,O.
1057,Sara,K.
1058,Lucas,U.
1059,Sophie,N.
1060,Mila,Z.
1061,Levi,W.
1062,Julia,I.
1063,Sara,P.
1064,Bram,A.
1065,Fleur,N.
1066,Milan,V.
1067,Julia,U.
1068,Finn,Y.
1069,Noah,M.
1070,Eva,D.
1071,Emma,I.
1072,Lotte,G.
1073,Julia,W.
1074,Sem,Q.
1075,Zoë,D.
1076,Jesse,O.
1077,Lotte,G.
1078,Eva,Q.
1079,Noah,U.
1080,Zoë,Q.
1081,Finn,N.
1082,Bram,G.
1083,Julia,M.
1084,Milan,Y.
1085,Sophie,X.
1086,Fleur,L.
1087,Emma,I.
1088,Lucas,M.
1089,Levi,B.
1090,Noah,C.
1091,Sara,N.
1092,Zoë,S.
1093,Lucas,D.
1094,Mila,J.
1095,Levi,Q.
1096,Mila,Z.
1097,Levi,O.
1098,Sem,F.
1099,Daan,Y.
1100,Liam,Z.
1101,Sem,P.
1102,Lotte,X.
1103,Mila,E.
1104,Zoë,V.
1105,Sara,O.
1106,Tess,Y.
1107,Lotte,U.
1108,Daan,Y.
1109,Eva,L.
1110,Mila,I.
1111,Levi,V.
1112,Lucas,N.
1113,Julia,P.
1114,Noah,Z.
1115,Lucas,L.
1116,Mila,U.
1117,Tess,K.
1118,Eva,P.
1119,Sara,T.
1120,Liam,V.
1121,Zoë,E.
1122,Tess,M.
1123,Emma,C.
1124,Jesse,K.
1125,Daan,Q.
1126,Zoë,U.
1127,Jesse,A.
1128,Noah,G.
1129,Liam,U.
1130,Tess,I.
1131,Fleur,D.
1132,Jesse,E.
1133,Mila,F.
1134,Bram,L.
1135,Daan,G.
1136,Levi,Z.
1137,Lotte,F.
1138,Fleur,W.
1139,Fleur,Z.
1140,Liam,V.
1141,Lotte,Z.
1142,Tess,G.
1143,Eva,W.
1144,Sem,Q.
1145,Liam,X.
1146,Bram,V.
1147,Sophie,R.
1148,Sophie,I.
1149,Sara,H.
1150,Daan,P.
1151,Eva,R.
1152,Emma,P.
1153,Bram,E.
1154,Eva,H.
1155,Eva,F.
1156,Lotte,T.
1157,Noah,F.
1158,Finn,O.
1159,Jesse,P.
1160,Tess,O.
1161,Zoë,N.
1162,Sara,V.
1163,Liam,F.
1164,Zoë,U.
1165,Noah,A.
1166,Fleur,B.
1167,Finn,Z.
1168,Sophie,Q.
1169,Eva,P.
1170,Daan,B.
1171,Sem,W.
1172,Sara,U.
1173,Daan,K.
1174,Sophie,V.
1175,Zoë,K.
1176,Eva,Y.
1177,Milan,R.
1178,Sem,J.
1179,Sara,K.
1180,Sara,I.
1181,Lotte,B.
1182,Tess,J.
1183,Zoë,P.
1184,Levi,K.
1185,Milan,I.
1186,Milan,L.
1187,Sem,U.
1188,Eva,Z.
1189,Sophie,K.
1190,Sem,K.
1191,Tess,E.
1192,Jesse,U.
1193,Liam,Z.
1194,Emma,M.
1195,Lotte,M.
1196,Lotte,S.
1197,Emma,M.
1198,Tess,D.
1199,Noah,B.
1200,Sem,P.
1201,Fleur,Y.
1202,Emma,Z.
1203,Milan,R.
1204,Fleur,M.
1205,Fleur,E.
1206,Fleur,V.
1207,Liam,G.
1208,Emma,V.
1209,Bram,U.
1210,Julia,D.
1211,Julia,B.
1212,Sara,Y.
1213,Sophie,U.
1214,Noah,L.
1215,Daan,Z.
1216,Tess,R.
1217,Lucas,J.
1218,Julia,N.
1219,Emma,K.
1220,Noah,N.
1221,Jesse,U.
1222,Jesse,B.
1223,Eva,S.
1224,Milan,B.
1225,Sophie,Y.
1226,Sara,S.
1227,Levi,O.
1228,Liam,A.
1229,Levi,T.
1230,Jesse,V.
1231,Daan,P.
1232,Sara,R.
1233,Sophie,C.
1234,Eva,G.
1235,Daan,U.
1236,Noah,N.
1237,Noah,A.
1238,Sophie,C.
1239,Sem,D.
1240,Daan,P.
1241,Noah,I.
1242,Jesse,H.
1243,Bram,X.
1244,Julia,B.
1245,Zoë,Y.
1246,Daan,X.
1247,Liam,J.
1248,Lotte,W.
1249,Eva,O.
1250,Lucas,B.
1251,Emma,A.
1252,Emma,A.
1253,Fleur,C.
1254,Levi,J.
1255,Tess,X.
1256,Fleur,F.
1257,Eva,T.
1258,Emma,K.
1259,Zoë,S.
1260,Bram,P.
1261,Julia,E.
1262,Sophie,L.
1263,Julia,U.
1264,Sara,P.
1265,Levi,Y.
1266,Bram,I.
1267,Jesse,K.
1268,Tess,I.
1269,Emma,T.
1270,Fleur,K.
1271,Fleur,X.
1272,Noah,E.
1273,Fleur,J.
1274,Jesse,N.
1275,Mila,M.
1276,Levi,V.
1277,Levi,T.
1278,Mila,Z.
1279,Bram,J.
1280,Noah,K.
1281,Lucas,I.
1282,Sara,F.
1283,Jesse,Y.
1284,Emma,J.
1285,Daan,Z.
1286,Jesse,E.
1287,Lucas,Z.
1288,Lotte,V.
1289,Eva,L.
1290,Lotte,C.
1291,Lotte,R.
1292,Eva,Z.
1293,Levi,G.
1294,Mila,J.
1295,Fleur,B.
1296,Levi,O.
1297,Sem,I.
1298,Jesse,Y.
1299,Noah,Z.
1300,Levi,O.
1301,Lotte,C.
1302,Lotte,Z.
1303,Zoë,Y.
1304,Liam,H.
1305,Levi,S.
1306,Milan,I.
1307,Milan,K.
1308,Eva,Q.
1309,Jesse,G.
1310,Sem,G.
1311,Sem,C.
1312,Julia,Z.
1313,Tess,L.
1314,Jesse,S.
1315,Zoë,M.
1316,Milan,E.
1317,Mila,B.
1318,Eva,L.
1319,Sophie,L.
1320,Bram,Z.
1321,Liam,E.
1322,Finn,T.
1323,Noah,L.
1324,Lucas,Q.
1325,Fleur,A.
1326,Sophie,B.
1327,Sem,S.
1328,Eva,S.
1329,Jesse,G.
1330,Lucas,Y.
1331,Lucas,N.
1332,Sophie,O.
1333,Jesse,T.
1334,Daan,I.
1335,Emma,K.
1336,Sem,F.
1337,Levi,C.
1338,Noah,B.
1339,Emma,R.
1340,Zoë,W.
1341,Bram,P.
1342,Liam,T.
1343,Levi,D.
1344,Liam,I.
1345,Finn,S.
1346,Mila,U.
1347,Liam,V.
1348,Milan,M.
1349,Julia,O.
1350,Julia,L.
1351,Mila,X.
1352,Mila,F.
1353,Emma,I.
1354,Zoë,B.
1355,Lotte,A.
1356,Emma,I.
1357,Milan,W.
1358,Eva,B.
1359,Sophie,E.
1360,Finn,Y.
1361,Noah,G.
1362,Tess,S.
1363,Jesse,O.
1364,Sophie,P.
1365,Finn,L.
1366,Lucas,M.
1367,Sophie,L.
1368,Eva,M.
1369,Julia,O.
1370,Mila,Z.
1371,Daan,V.
1372,Noah,O.
1373,Sem,Z.
1374,Emma,F.
1375,Mila,C.
1376,Fleur,L.
1377,Daan,Y.
1378,Bram,D.
1379,Levi,A.
1380,Liam,O.
1381,Finn,K.
1382,Mila,P.
1383,Sophie,U.
1384,Zoë,E.
1385,Finn,H.
1386,Emma,F.
1387,Bram,R.
1388,Daan,O.
1389,Daan,I.
1390,Sara,N.
1391,Mila,E.
1392,Noah,I.
1393,Jesse,J.
1394,Finn,Z.
1395,Julia,I.
1396,Eva,D.
1397,Finn,O.
1398,Eva,D.
1399,Daan,Q.
1400,Emma,U.
1401,Sem,R.
1402,Eva,J.
1403,Sophie,I.
1404,Sem,L.
1405,Sara,I.
1406,Mila,H.
1407,Sophie,M.
1408,Tess,N.
1409,Julia,B.
1410,Tess,E.
1411,Noah,O.
1412,Milan,K.
1413,Milan,E.
1414,Bram,A.
1415,Milan,J.
1416,Julia,L.
1417,Sara,B.
1418,Sara,G.
1419,Lucas,S.
1420,Julia,E.
1421,Julia,Q.
1422,Mila,W.
1423,Julia,G.
1424,Fleur,C.
1425,Liam,T.
1426,Eva,Y.
1427,Lucas,F.
1428,Sem,E.
1429,Fleur,V.
1430,Sem,S.
1431,Tess,G.
1432,Noah,C.
1433,Milan,N.
1434,Emma,Q.
1435,Zoë,K.
1436,Tess,U.
1437,Eva,C.
1438,Noah,N.
1439,Eva,E.
1440,Lucas,H.
1441,Julia,S.
1442,Zoë,B.
1443,Julia,W.
1444,Zoë,S.
1445,Fleur,A.
1446,Zoë,Q.
1447,Bram,Q.
1448,Liam,D.
1449,Zoë,W.
1450,Mila,K.
1451,Levi,S.
1452,Emma,J.
1453,Sophie,X.
1454,Eva,O.
1455,Milan,A.
1456,Milan,Z.
1457,Lotte,E.
1458,Noah,H.
1459,Liam,H.
1460,Fleur,F.
1461,Julia,D.
1462,Tess,I.
1463,Lotte,A.
1464,Noah,D.
1465,Sem,I.
1466,Noah,T.
1467,Jesse,O.
1468,Milan,H.
1469,Bram,D.
1470,Zoë,D.
1471,Julia,B.
1472,Lucas,D.
1473,Bram,P.
1474,Jesse,Q.
1475,Lucas,D.
1476,Sophie,D.
1477,Levi,E.
1478,Lotte,S.
1479,Mila,H.
1480,Daan,V.
1481,Jesse,O.
1482,Levi,F.
1483,Noah,U.
1484,Levi,W.
1485,Sara,T.
1486,Fleur,Q.
1487,Emma,M.
1488,Emma,Y.
1489,Zoë,K.
1490,Levi,H.
1491,Finn,W.
1492,Sara,S.
1493,Finn,M.
1494,Lotte,B.
1495,Finn,Q.
1496,Daan,V.
1497,Zoë,H.
1498,Sara,V.
1499,Noah,L.
1500,Sophie,Q.
1501,Julia,C.
1502,Finn,N.
1503,Sem,Q.
1504,Noah,H.
1505,Daan,N.
1506,Levi,Y.
1507,Bram,U.
1508,Emma,Z.
1509,Emma,B.
1510,Fleur,I.
1511,Fleur,I.
1512,Lotte,Z.
1513,Emma,T.
1514,Sophie,I.
1515,Sophie,Q.
1516,Noah,N.
1517,Mila,B.
1518,Tess,D.
1519,Tess,L.
1520,Julia,D.
1521,Emma,T.
1522,Milan,I.
1523,Liam,O.
1524,Jesse,R.
1525,Daan,O.
1526,Sophie,Q.
1527,Daan,J.
1528,Sara,S.
1529,Tess,I.
1530,Mila,X.
1531,Liam,X.
1532,Lotte,J.
1533,Bram,T.
1534,Jesse,H.
1535,Levi,G.
1536,Lotte,W.
1537,Zoë,O.
1538,Lotte,J.
1539,Fleur,P.
1540,Eva,J.
1541,Noah,H.
1542,Finn,H.
1543,Sem,Q.
1544,Lotte,M.
1545,Jesse,M.
1546,Noah,L.
1547,Julia,H.
1548,Finn,R.
1549,Finn,P.
1550,Lucas,J.
1551,Sem,J.
1552,Emma,Y.
1553,Noah,F.
1554,Lotte,C.
1555,Fleur,L.
1556,Bram,V.
1557,Emma,Q.
1558,Levi,O.
1559,Zoë,X.
1560,Sophie,Q.
1561,Mila,V.
1562,Daan,N.
1563,Finn,V.
1564,Zoë,E.
1565,Sem,T.
1566,Fleur,I.
1567,Milan,D.
1568,Eva,I.
1569,Daan,N.
1570,Sophie,A.
1571,Sara,Y.
1572,Lotte,S.
1573,Sophie,P.
1574,Levi,S.
1575,Daan,N.
1576,Lucas,T.
1577,Fleur,D.
1578,Levi,O.
1579,Bram,J.
1580,Zoë,J.
1581,Zoë,M.
1582,Milan,R.
1583,Fleur,M.
1584,Finn,A.
1585,Eva,M.
1586,Bram,J.
1587,Julia,R.
1588,Tess,Z.
1589,Daan,N.
1590,Jesse,M.
1591,Jesse,H.
1592,Liam,K.
1593,Finn,T.
1594,Mila,K.
1595,Sem,N.
1596,Noah,A.
1597,Emma,I.
1598,Jesse,P.
1599,Tess,R.
1600,Tess,R.
1601,Fleur,N.
1602,Milan,Q.
1603,Sara,M.
1604,Bram,L.
1605,Emma,T.
1606,Zoë,O.
1607,Noah,V.
1608,Liam,Q.
1609,Mila,D.
1610,Sara,L.
1611,Milan,M.
1612,Lotte,S.
1613,Daan,G.
1614,Sara,P.
1615,Levi,O.
1616,Fleur,S.
1617,Finn,W.
1618,Milan,X.
1619,Liam,F.
1620,Zoë,K.
1621,Zoë,C.
1622,Tess,Q.
1623,Julia,D.
1624,Tess,W.
1625,Finn,Q.
1626,Sara,U.
1627,Julia,Q.
1628,Tess,Q.
1629,Sem,Q.
1630,Sem,N.
1631,Julia,B.
1632,Jesse,T.
1633,Sophie,L.
1634,Jesse,U.
1635,Emma,W.
1636,Sara,A.
1637,Noah,J.
1638,Lotte,A.
1639,Tess,M.
1640,Sophie,S.
1641,Noah,V.
1642,Noah,G.
1643,Julia,P.
1644,Lotte,S.
1645,Lucas,U.
1646,Lotte,Q.
1647,Daan,S.
1648,Sem,N.
1649,Fleur,D.
1650,Daan,F.
1651,Milan,Y.
1652,Milan,D.
1653,Noah,D.
1654,Liam,F.
1655,Milan,P.
1656,Bram,T.
1657,Sara,Z.
1658,Emma,U.
1659,Noah,V.
1660,Jesse,K.
1661,Daan,W.
1662,Mila,L.
1663,Lucas,F.
1664,Emma,I.
1665,Sophie,S.
1666,Liam,L.
1667,Sem,O.
1668,Fleur,M.
1669,Noah,B.
1670,Mila,M.
1671,Jesse,Y.
1672,Emma,O.
1673,Emma,T.
1674,Mila,H.
1675,Mila,B.
1676,Julia,S.
1677,Julia,K.
1678,Noah,O.
1679,Tess,N.
1680,Fleur,I.
1681,Eva,C.
1682,Mila,V.
1683,Levi,V.
1684,Jesse,H.
1685,Sara,J.
1686,Levi,W.
1687,Eva,A.
1688,Mila,C.
1689,Julia,F.
1690,Zoë,M.
1691,Julia,A.
1692,Tess,M.
1693,Lotte,L.
1694,Sophie,K.
1695,Lotte,M.
1696,Finn,M.
1697,Liam,D.
1698,Sara,L.
1699,Lotte,H.
1700,Levi,G.
1701,Bram,J.
1702,Zoë,H.
1703,Sara,B.
1704,Lucas,V.
1705,Noah,K.
1706,Daan,H.
1707,Daan,C.
1708,Sem,I.
1709,Lotte,Z.
1710,Daan,R.
1711,Bram,O.
1712,Mila,F.
1713,Zoë,L.
1714,Sem,X.
1715,Levi,M.
1716,Jesse,G.
1717,Tess,P.
1718,Milan,G.
1719,Mila,O.
1720,Daan,W.
1721,Lucas,T.
1722,Bram,S.
1723,Zoë,R.
1724,Mila,M.
1725,Fleur,Q.
1726,Sem,E.
1727,Sophie,V.
1728,Milan,C.
1729,Lotte,I.
1730,Levi,A.
1731,Jesse,E.
1732,Tess,A.
1733,Levi,W.
1734,Liam,W.
1735,Julia,Y.
1736,Mila,K.
1737,Sem,V.
1738,Sophie,C.
1739,Lotte,L.
1740,Milan,Y.
1741,Tess,G.
1742,Liam,W.
1743,Tess,C.
1744,Mila,J.
1745,Daan,W.
1746,Levi,J.
1747,Zoë,M.
1748,Bram,Y.
1749,Daan,I.
1750,Julia,A.
1751,Zoë,V.
1752,Zoë,N.
1753,Noah,V.
1754,Bram,H.
1755,Levi,L.
1756,Sophie,F.
1757,Tess,D.
1758,Lucas,T.
1759,Mila,W.
1760,Emma,M.
1761,Emma,T.
1762,Julia,N.
1763,Sem,Y.
1764,Tess,E.
1765,Levi,X.
1766,Emma,R.
1767,Tess,U.
1768,Julia,S.
1769,Mila,S.
1770,Eva,W.
1771,Milan,I.
1772,Sara,V.
1773,Jesse,L.
1774,Noah,D.
1775,Tess,B.
1776,Jesse,T.
1777,Emma,H.
1778,Sophie,B.
1779,Finn,G.
1780,Zoë,X.
1781,Liam,N.
1782,Levi,X.
1783,Fleur,H.
1784,Lucas,Q.
1785,Liam,L.
1786,Sara,O.
1787,Finn,W.
1788,Milan,X.
1789,Bram,Q.
1790,Emma,V.
1791,Sem,N.
1792,Milan,Y.
1793,Daan,P.
1794,Sem,B.
1795,Lotte,I.
1796,Julia,R.
1797,Julia,Y.
1798,Mila,R.
1799,Lucas,H.
1800,Emma,F.
1801,Zoë,L.
1802,Sara,C.
1803,Sem,U.
1804,Tess,E.
1805,Daan,V.
1806,Eva,V.
1807,Eva,H.
1808,Mila,A.
1809,Milan,W.
1810,Bram,E.
1811,Zoë,W.
1812,Tess,E.
1813,Daan,S.
1814,Jesse,H.
1815,Finn,U.
1816,Sophie,R.
1817,Sara,Y.
1818,Julia,V.
1819,Daan,T.
1820,Bram,Y.
1821,Levi,G.
1822,Sophie,W.
1823,Tess,A.
1824,Zoë,P.
1825,Sem,B.
1826,Emma,I.
1827,Tess,G.
1828,Sophie,W.
1829,Tess,O.
1830,Sophie,F.
1831,Finn,O.
1832,Bram,S.
1833,Zoë,J.
1834,Julia,R.
1835,Liam,B.
1836,Noah,O.
1837,Eva,C.
1838,Finn,X.
1839,Jesse,I.
1840,Sophie,U.
1841,Eva,N.
1842,Eva,G.
1843,Lotte,K.
1844,Noah,L.
1845,Liam,U.
1846,Tess,U.
1847,Fleur,X.
1848,Lucas,U.
1849,Mila,C.
1850,Daan,X.
1851,Noah,A.
1852,Levi,E.
1853,Tess,L.
1854,Julia,U.
1855,Milan,V.
1856,Julia,D.
1857,Tess,X.
1858,Fleur,K.
1859,Levi,F.
1860,Zoë,K.
1861,Mila,L.
1862,Daan,R.
1863,Zoë,I.
1864,Mila,B.
1865,Emma,D.
1866,Jesse,Z.
1867,Levi,B.
1868,Sem,P.
1869,Sara,P.
1870,Julia,J.
1871,Fleur,S.
1872,Liam,E.
1873,Mila,F.
1874,Daan,O.
1875,Levi,C.
1876,Emma,O.
1877,Eva,G.
1878,Sem,X.
1879,Zoë,A.
1880,Emma,T.
1881,Milan,N.
1882,Daan,J.
1883,Liam,V.
1884,Emma,Q.
1885,Sara,K.
1886,Liam,O.
1887,Noah,V.
1888,Julia,X.
1889,Julia,M.
1890,Tess,A.
1891,Bram,Z.
1892,Jesse,V.
1893,Zoë,S.
1894,Sem,P.
1895,Liam,R.
1896,Finn,Q.
1897,Bram,N.
1898,Lotte,U.
1899,Daan,M.
1900,Fleur,T.
1901,Liam,Z.
1902,Emma,X.
1903,Finn,T.
1904,Tess,S.
1905,Jesse,N.
1906,Zoë,P.
1907,Daan,J.
1908,Finn,Q.
1909,Noah,G.
1910,Mila,V.
1911,Bram,W.
1912,Liam,E.
1913,Jesse,L.
1914,Lotte,S.
1915,Sara,L.
1916,Milan,H.
1917,Jesse,O.
1918,Levi,I.
1919,Sophie,H.
1920,Julia,G.
1921,Lotte,X.
1922,Sophie,H.
1923,Lucas,U.
1924,Sophie,G.
1925,Milan,V.
1926,Lucas,W.
1927,Eva,H.
1928,Lotte,O.
1929,Mila,R.
1930,Jesse,W.
1931,Sophie,X.
1932,Milan,S.
1933,Jesse,C.
1934,Sara,V.
1935,Liam,Z.
1936,Bram,E.
1937,Milan,R.
1938,Milan,W.
1939,Sophie,U.
1940,Milan,D.
1941,Bram,V.
1942,Levi,R.
1943,Julia,G.
1944,Jesse,P.
1945,Liam,E.
1946,Zoë,Y.
1947,Fleur,B.
1948,Levi,H.
1949,Emma,L.
1950,Emma,A.
1951,Fleur,G.
1952,Bram,J.
1953,Sophie,W.
1954,Daan,N.
1955,Liam,T.
1956,Sem,S.
1957,Sophie,X.
1958,Zoë,F.
1959,Zoë,X.
1960,Finn,Z.
1961,Noah,I.
1962,Sophie,H.
1963,Zoë,Q.
1964,Milan,L.
1965,Eva,B.
1966,Fleur,L.
1967,Sophie,L.
1968,Lotte,K.
1969,Fleur,D.
1970,Emma,V.
1971,Mila,I.
1972,Zoë,G.
1973,Bram,A.
1974,Jesse,O.
1975,Sophie,Z.
1976,Noah,P.
1977,Sophie,C.
1978,Lucas,F.
1979,Daan,R.
1980,Tess,V.
1981,Levi,E.
1982,Jesse,I.
1983,Lotte,W.
1984,Lucas,O.
1985,Noah,A.
1986,Finn,E.
1987,Eva,Q.
1988,Eva,B.
1989,Emma,C.
1990,Julia,T.
1991,Fleur,M.
1992,Eva,F.
1993,Bram,M.
1994,Mila,T.
1995,Milan,C.
1996,Zoë,K.
1997,Milan,G.
1998,Tess,E.
1999,Jesse,T.
2000,Emma,G.
2001,Julia,L.
2002,Bram,K.
2003,Jesse,O.
2004,Levi,L.
2005,Finn,A.
2006,Finn,S.
2007,Eva,K.
2008,Mila,A.
2009,Mila,O.
2010,Fleur,B.
2011,Daan,X.
2012,Daan,I.
2013,Levi,I.
2014,Liam,Q.
2015,Lucas,L.
2016,Jesse,S.
2017,Milan,S.
2018,Daan,W.
2019,Emma,R.
2020,Sophie,G.
2021,Sara,U.
2022,Jesse,U.
2023,Sophie,L.
2024,Tess,Z.
2025,Mila,Z.
2026,Daan,V.
2027,Liam,J.
2028,Finn,X.
2029,Zoë,Q.
2030,Mila,L.
2031,Lotte,W.
2032,Levi,K.
2033,Emma,W.
2034,Finn,V.
2035,Finn,Z.
2036,Eva,Q.
2037,Zoë,H.
2038,Mila,L.
2039,Daan,E.
2040,Sem,A.
2041,Bram,M.
2042,Bram,M.
2043,Jesse,Y.
2044,Tess,F.
2045,Jesse,C.
2046,Daan,J.
2047,Tess,I.
2048,Jesse,R.
2049,Finn,C.
2050,Sem,S.
2051,Liam,S.
2052,Julia,J.
2053,Jesse,L.
2054,Bram,L.
2055,Sara,X.
2056,Liam,P.
2057,Finn,F.
2058,Lucas,I.
2059,Lotte,A.
2060,Julia,U.
2061,Lucas,H.
2062,Noah,G.
2063,Emma,M.
2064,Bram,G.
2065,Fleur,J.
2066,Milan,U.
2067,Sophie,G.
2068,Mila,X.
2069,Emma,E.
2070,Fleur,B.
2071,Liam,C.
2072,Jesse,K.
2073,Daan,A.
2074,Sem,I.
2075,Lotte,U.
2076,Noah,U.
2077,Finn,A.
2078,Sem,K.
2079,Finn,X.
2080,Noah,U.
2081,Eva,M.
2082,Fleur,V.
2083,Finn,F.
2084,Emma,N.
2085,Emma,C.
2086,Fleur,K.
2087,Eva,T.
2088,Levi,I.
2089,Bram,A.
2090,Noah,K.
2091,Jesse,U.
2092,Finn,B.
2093,Sara,T.
2094,Finn,F.
2095,Liam,A.
2096,Daan,G.
2097,Daan,Q.
2098,Liam,L.
2099,Zoë,N.
2100,Zoë,R.
2101,Jesse,R.
2102,Daan,V.
2103,Fleur,S.
2104,Finn,H.
2105,Fleur,I.
2106,Eva,Y.
2107,Emma,Y.
2108,Tess,U.
2109,Lotte,W.
2110,Bram,R.
2111,Lucas,L.
2112,Milan,Q.
2113,Lucas,E.
2114,Lucas,A.
2115,Lotte,P.
2116,Sophie,U.
2117,Zoë,E.
2118,Mila,M.
2119,Liam,A.
2120,Fleur,E.
2121,Sophie,B.
2122,Lotte,Q.
2123,Sem,R.
2124,Julia,I.
2125,Fleur,L.
2126,Daan,F.
2127,Julia,Q.
2128,Noah,L.
2129,Mila,O.
2130,Eva,G.
2131,Zoë,Z.
2132,Levi,O.
2133,Sem,K.
2134,Noah,D.
2135,Noah,C.
2136,Levi,V.
2137,Zoë,B.
2138,Mila,S.
2139,Levi,N.
2140,Levi,V.
2141,Mila,A.
2142,Lucas,A.
2143,Lucas,W.
2144,Sara,H.
2145,Mila,L.
2146,Sem,K.
2147,Sara,U.
2148,Lucas,J.
2149,Eva,G.
2150,Jesse,Z.
2151,Julia,P.
2152,Lucas,Y.
2153,Daan,J.
2154,Tess,C.
2155,Finn,A.
2156,Eva,H.
2157,Julia,K.
2158,Fleur,T.
2159,Bram,G.
2160,Jesse,B.
2161,Sem,X.
2162,Zoë,B.
2163,Bram,F.
2164,Sara,E.
2165,Tess,V.
2166,Noah,Z.
2167,Sophie,E.
2168,Noah,E.
2169,Tess,E.
2170,Milan,X.
2171,Zoë,D.
2172,Julia,O.
2173,Levi,C.
2174,Sara,K.
2175,Levi,K.
2176,Emma,S.
2177,Mila,G.
2178,Noah,B.
2179,Daan,Q.
2180,Fleur,H.
2181,Jesse,N.
2182,Sophie,X.
2183,Noah,B.
2184,Finn,C.
2185,Sophie,D.
2186,Eva,E.
2187,Milan,N.
2188,Noah,F.
2189,Mila,V.
2190,Lotte,E.
2191,Lotte,Q.
2192,Sophie,Q.
2193,Zoë,P.
2194,Liam,L.
2195,Sem,H.
2196,Liam,I.
2197,Julia,A.
2198,Lucas,I.
2199,Liam,B.
2200,Sem,Q.
2201,Emma,N.
2202,Lotte,L.
2203,Lucas,A.
2204,Finn,W.
2205,Emma,U.
2206,Bram,R.
2207,Tess,R.
2208,Finn,W.
2209,Sara,X.
2210,Lucas,M.
2211,Sara,K.
2212,Lotte,N.
2213,Levi,E.
2214,Levi,Y.
2215,Levi,N.
2216,Daan,U.
2217,Noah,H.
2218,Fleur,Q.
2219,Lucas,W.
2220,Fleur,X.
2221,Levi,H.
2222,Sem,V.
2223,Sophie,C.
2224,Fleur,Z.
2225,Emma,W.
2226,Emma,M.
2227,Lotte,K.
2228,Bram,R.
2229,Finn,O.
2230,Jesse,A.
2231,Eva,X.
2232,Eva,Q.
2233,Finn,S.
2234,Lotte,M.
2235,Mila,U.
2236,Levi,L.
2237,Liam,M.
2238,Milan,I.
2239,Fleur,V.
2240,Finn,C.
2241,Lotte,V.
2242,Mila,T.
2243,Lucas,I.
2244,Eva,X.
2245,Zoë,Q.
2246,Jesse,P.
2247,Jesse,H.
2248,Daan,C.
2249,Milan,L.
2250,Milan,G.
2251,Milan,F.
2252,Zoë,H.
2253,Julia,E.
2254,Bram,F.
2255,Emma,K.
2256,Levi,L.
2257,Sara,D.
2258,Sara,E.
2259,Lucas,M.
2260,Sophie,L.
2261,Zoë,V.
2262,Milan,Q.
2263,Tess,O.
2264,Liam,I.
2265,Levi,J.
2266,Bram,W.
2267,Sophie,O.
2268,Eva,X.
2269,Julia,Y.
2270,Milan,E.
2271,Noah,V.
2272,Daan,L.
2273,Eva,Q.
2274,Mila,T.
2275,Zoë,Q.
2276,Finn,Z.
2277,Levi,I.
2278,Noah,R.
2279,Sem,A.
2280,Jesse,I.
2281,Emma,S.
2282,Julia,J.
2283,Lotte,I.
2284,Finn,I.
2285,Mila,I.
2286,Bram,C.
2287,Milan,U.
2288,Eva,C.
2289,Sem,E.
2290,Sara,Z.
2291,Tess,T.
2292,Zoë,B.
2293,Bram,M.
2294,Zoë,B.
2295,Tess,N.
2296,Sara,U.
2297,Fleur,Z.
2298,Lucas,L.
2299,Mila,M.
2300,Jesse,E.
2301,Fleur,G.
2302,Jesse,L.
2303,Liam,V.
2304,Sem,K.
2305,Liam,C.
2306,Bram,M.
2307,Levi,Q.
2308,Sara,P.
2309,Noah,D.
2310,Jesse,S.
2311,Bram,O.
2312,Sara,N.
2313,Eva,F.
2314,Liam,O.
2315,Levi,P.
2316,Daan,Q.
2317,Noah,V.
2318,Mila,X.
2319,Sem,M.
2320,Lotte,B.
2321,Tess,R.
2322,Finn,Y.
2323,Levi,Y.
2324,Bram,D.
2325,Liam,H.
2326,Liam,S.
2327,Noah,D.
2328,Eva,C.
2329,Sem,S.
2330,Bram,B.
2331,Sem,W.
2332,Finn,P.
2333,Emma,R.
2334,Sara,S.
2335,Daan,N.
2336,Emma,U.
2337,Daan,K.
2338,Finn,G.
2339,Milan,A.
2340,Julia,R.
2341,Lucas,Q.
2342,Lucas,C.
2343,Finn,M.
2344,Lucas,V.
2345,Tess,R.
2346,Levi,Q.
2347,Sara,V.
2348,Emma,J.
2349,Tess,H.
2350,Levi,Z.
2351,Sara,R.
2352,Lucas,J.
2353,Sem,E.
2354,Emma,G.
2355,Lotte,U.
2356,Zoë,O.
2357,Eva,W.
2358,Jesse,E.
2359,Zoë,Z.
2360,Finn,G.
2361,Bram,W.
2362,Lotte,V.
2363,Emma,X.
2364,Finn,A.
2365,Lotte,C.
2366,Sara,S.
2367,Finn,B.
2368,Lucas,H.
2369,Bram,J.
2370,Sem,W.
2371,Sem,Z.
2372,Jesse,T.
2373,Bram,M.
2374,Bram,G.
2375,Sem,B.
2376,Julia,N.
2377,Sophie,B.
2378,Daan,C.
2379,Fleur,P.
2380,Julia,A.
2381,Lotte,X.
2382,Julia,P.
2383,Mila,V.
2384,Tess,Z.
2385,Sem,R.
2386,Julia,E.
2387,Sem,Q.
2388,Sophie,O.
2389,Sophie,G.
2390,Liam,B.
2391,Sara,H.
2392,Lucas,W.
2393,Bram,V.
2394,Sara,E.
2395,Emma,W.
2396,Daan,B.
2397,Julia,O.
2398,Tess,Y.
2399,Mila,S.
2400,Finn,W.
2401,Lotte,X.
2402,Daan,J.
2403,Lucas,K.
2404,Lotte,G.
2405,Daan,Z.
2406,Mila,M.
2407,Emma,K.
2408,Levi,E.
2409,Tess,H.
2410,Lotte,W.
2411,Liam,G.
2412,Bram,E.
2413,Julia,N.
2414,Finn,V.
2415,Levi,D.
2416,Emma,L.
2417,Sophie,V.
2418,Sem,U.
2419,Milan,Q.
2420,Liam,J.
2421,Eva,L.
2422,Noah,Y.
2423,Eva,C.
2424,Sem,P.
2425,Lucas,J.
2426,Fleur,S.
2427,Lotte,Y.
2428,Liam,G.
2429,Daan,P.
2430,Lucas,Y.
2431,Mila,S.
2432,Tess,B.
2433,Jesse,T.
2434,Sophie,A.
2435,Zoë,G.
2436,Daan,V.
2437,Tess,B.
2438,Julia,K.
2439,Zoë,O.
2440,Eva,H.
2441,Finn,X.
2442,Zoë,F.
2443,Sophie,Z.
2444,Tess,Z.
2445,Liam,X.
2446,Lotte,O.
2447,Sophie,X.
2448,Lotte,D.
2449,Julia,T.
2450,Levi,O.
2451,Emma,B.
2452,Emma,Q.
2453,Jesse,D.
2454,Sara,U.
2455,Daan,N.
2456,Jesse,L.
2457,Liam,L.
2458,Julia,L.
2459,Julia,V.
2460,Liam,K.
2461,Noah,U.
2462,Eva,J.
2463,Daan,I.
2464,Sophie,D.
2465,Mila,D.
2466,Daan,P.
2467,Lucas,R.
2468,Lotte,D.
2469,Finn,O.
2470,Mila,F.
2471,Jesse,R.
2472,Emma,Q.
2473,Lucas,L.
2474,Sem,J.
2475,Levi,R.
2476,Sem,E.
2477,Mila,X.
2478,Lotte,Q.
2479,Mila,D.
2480,Noah,D.
2481,Emma,P.
2482,Jesse,G.
2483,Mila,C.
2484,Julia,E.
2485,Lucas,A.
2486,Sara,M.
2487,Fleur,Q.
2488,Sophie,J.
2489,Jesse,D.
2490,Liam,V.
2491,Jesse,G.
2492,Mila,H.
2493,Fleur,Y.
2494,Milan,W.
2495,Emma,H.
2496,Liam,T.
2497,Finn,D.
2498,Emma,G.
2499,Fleur,Y.
2500,Julia,J.
2501,Finn,C.
2502,Bram,S.
2503,Julia,A.
2504,Finn,N.
2505,Sara,B.
2506,Liam,Z.
2507,Mila,E.
2508,Milan,V.
2509,Julia,E.
2510,Zoë,Y.
2511,Daan,G.
2512,Sem,H.
2513,Finn,W.
2514,Liam,A.
2515,Eva,B.
2516,Eva,Q.
2517,Finn,C.
2518,Fleur,U.
2519,Liam,G.
2520,Emma,L.
2521,Sara,C.
2522,Zoë,S.
2523,Julia,Z.
2524,Eva,V.
2525,Eva,E.
2526,Lucas,W.
2527,Tess,B.
2528,Bram,Z.
2529,Jesse,F.
2530,Sara,M.
2531,Milan,J.
2532,Jesse,R.
2533,Sophie,C.
2534,Lucas,Y.
2535,Mila,H.
2536,Sem,S.
2537,Bram,R.
2538,Mila,P.
2539,Jesse,V.
2540,Emma,M.
2541,Levi,Z.
2542,Finn,M.
2543,Levi,C.
2544,Mila,U.
2545,Finn,V.
2546,Fleur,N.
2547,Tess,A.
2548,Tess,P.
2549,Fleur,A.
2550,Sophie,Z.
2551,Eva,N.
2552,Sara,T.
2553,Tess,O.
2554,Daan,K.
2555,Lotte,G.
2556,Liam,L.
2557,Levi,O.
2558,Fleur,B.
2559,Tess,K.
2560,Liam,I.
2561,Julia,W.
2562,Bram,N.
2563,Lotte,Z.
2564,Mila,D.
2565,Sem,V.
2566,Emma,M.
2567,Julia,M.
2568,Lucas,K.
2569,Daan,L.
2570,Julia,H.
2571,Zoë,T.
2572,Levi,J.
2573,Eva,K.
2574,Milan,Z.
2575,Fleur,G.
2576,Julia,M.
2577,Milan,A.
2578,Noah,F.
2579,Sophie,H.
2580,Bram,S.
2581,Lucas,X.
2582,Zoë,V.
2583,Sophie,R.
2584,Milan,V.
2585,Levi,E.
2586,Lucas,V.
2587,Sara,C.
2588,Milan,T.
2589,Finn,O.
2590,Lucas,J.
2591,Zoë,J.
2592,Levi,Q.
2593,Emma,U.
2594,Eva,P.
2595,Zoë,W.
2596,Noah,B.
2597,Sophie,R.
2598,Levi,O.
2599,Tess,Y.
2600,Milan,E.
2601,Fleur,X.
2602,Bram,B.
2603,Finn,P.
2604,Daan,A.
2605,Lucas,E.
2606,Sem,S.
2607,Jesse,Q.
2608,Emma,M.
2609,Julia,X.
2610,Jesse,U.
2611,Lucas,U.
2612,Mila,J.
2613,Lotte,A.
2614,Sara,R.
2615,Sara,U.
2616,Liam,Z.
2617,Levi,P.
2618,Zoë,W.
2619,Lucas,K.
2620,Julia,S.
2621,Eva,B.
2622,Lotte,L.
2623,Daan,G.
2624,Milan,Z.
2625,Emma,F.
2626,Tess,X.
2627,Milan,F.
2628,Tess,B.
2629,Jesse,J.
2630,Levi,Y.
2631,Zoë,W.
2632,Julia,I.
2633,Tess,P.
2634,Sem,T.
2635,Finn,O.
2636,Levi,D.
2637,Lucas,L.
2638,Levi,K.
2639,Levi,Z.
2640,Eva,I.
2641,Sophie,G.
2642,Fleur,O.
2643,Milan,N.
2644,Julia,Y.
2645,Finn,B.
2646,Daan,I.
2647,Lotte,P.
2648,Lotte,V.
2649,Sara,Y.
2650,Liam,I.
2651,Levi,L.
2652,Levi,Q.
2653,Tess,U.
2654,Sophie,I.
2655,Bram,Y.
2656,Noah,B.
2657,Lotte,W.
2658,Jesse,J.
2659,Zoë,T.
2660,Zoë,I.
2661,Mila,C.
2662,Lotte,D.
2663,Fleur,V.
2664,Sara,Z.
2665,Sophie,J.
2666,Julia,U.
2667,Julia,X.
2668,Sophie,Y.
2669,Levi,M.
2670,Finn,M.
2671,Levi,P.
2672,Finn,L.
2673,Julia,W.
2674,Daan,R.
2675,Milan,N.
2676,Tess,E.
2677,Sem,K.
2678,Liam,N.
2679,Liam,Q.
2680,Noah,S.
2681,Mila,S.
2682,Sara,M.
2683,Sem,S.
2684,Lucas,Z.
2685,Daan,E.
2686,Mila,V.
2687,Mila,Q.
2688,Sophie,J.
2689,Emma,X.
2690,Levi,J.
2691,Daan,U.
2692,Levi,T.
2693,Lucas,W.
2694,Liam,Y.
2695,Fleur,T.
2696,Milan,I.
2697,Fleur,G.
2698,Mila,J.
2699,Sophie,L.
2700,Jesse,Z.
2701,Liam,L.
2702,Noah,W.
2703,Milan,C.
2704,Sophie,K.
2705,Sem,A.
2706,Bram,U.
2707,Daan,O.
2708,Lucas,Q.
2709,Emma,O.
2710,Jesse,R.
2711,Fleur,Z.
2712,Emma,B.
2713,Lotte,O.
2714,Sophie,P.
2715,Mila,J.
2716,Finn,K.
2717,Milan,S.
2718,Mila,G.
2719,Lotte,Z.
2720,Sem,J.
2721,Jesse,R.
2722,Noah,H.
2723,Julia,A.
2724,Milan,I.
2725,Sara,L.
2726,Liam,U.
2727,Lucas,X.
2728,Liam,S.
2729,Sophie,M.
2730,Levi,Q.
2731,Jesse,N.
2732,Mila,V.
2733,Emma,Z.
2734,Zoë,R.
2735,Finn,V.
2736,Lucas,C.
2737,Eva,S.
2738,Daan,N.
2739,Bram,V.
2740,Fleur,O.
2741,Sem,K.
2742,Fleur,G.
2743,Sophie,M.
2744,Julia,J.
2745,Sem,C.
2746,Milan,A.
2747,Bram,Y.
2748,Sem,Z.
2749,Sem,Y.
2750,Lucas,G.
2751,Lotte,Y.
2752,Tess,X.
2753,Noah,X.
2754,Fleur,X.
2755,Noah,C.
2756,Zoë,G.
2757,Sara,A.
2758,Lotte,I.
2759,Lotte,L.
2760,Julia,S.
2761,Finn,L.
2762,Tess,D.
2763,Emma,X.
2764,Julia,W.
2765,Zoë,N.
2766,Noah,Z.
2767,Bram,Y.
2768,Sophie,K.
2769,Sophie,E.
2770,Zoë,Y.
2771,Eva,P.
2772,Liam,K.
2773,Finn,P.
2774,Daan,D.
2775,Milan,S.
2776,Lucas,Q.
2777,Levi,G.
2778,Zoë,I.
2779,Noah,G.
2780,Lucas,Q.
2781,Sara,Y.
2782,Levi,F.
2783,Sara,E.
2784,Daan,A.
2785,Sophie,G.
2786,Jesse,R.
2787,Levi,A.
2788,Noah,Z.
2789,Liam,O.
2790,Emma,G.
2791,Jesse,R.
2792,Liam,K.
2793,Finn,T.
2794,Lotte,O.
2795,Eva,Y.
2796,Sem,A.
2797,Mila,G.
2798,Zoë,M.
2799,Sophie,D.
2800,Jesse,E.
2801,Sem,O.
2802,Bram,S.
2803,Jesse,U.
2804,Bram,Y.
2805,Liam,S.
2806,Emma,P.
2807,Julia,M.
2808,Mila,W.
2809,Eva,W.
2810,Eva,T.
2811,Daan,D.
2812,Eva,T.
2813,Levi,C.
2814,Mila,Z.
2815,Mila,A.
2816,Levi,S.
2817,Mila,U.
2818,Emma,H.
2819,Sophie,G.
2820,Noah,B.
2821,Bram,B.
2822,Levi,H.
2823,Mila,Y.
2824,Emma,R.
2825,Jesse,N.
2826,Lucas,B.
2827,Daan,O.
2828,Noah,P.
2829,Sophie,Y.
2830,Sophie,F.
2831,Daan,Z.
2832,Milan,F.
2833,Fleur,Q.
2834,Finn,D.
2835,Milan,Z.
2836,Levi,A.
2837,Liam,A.
2838,Lotte,U.
2839,Liam,Q.
2840,Lotte,T.
2841,Fleur,T.
2842,Lotte,C.
2843,Emma,V.
2844,Lotte,T.
2845,Tess,O.
2846,Levi,V.
2847,Noah,R.
2848,Sem,A.
2849,Julia,Q.
2850,Bram,G.
2851,Sophie,W.
2852,Sem,V.
2853,Sara,D.
2854,Fleur,C.
2855,Lotte,Q.
2856,Zoë,V.
2857,Sophie,C.
2858,Mila,D.
2859,Liam,L.
2860,Lucas,J.
2861,Tess,Y.
2862,Tess,E.
2863,Eva,T.
2864,Jesse,K.
2865,Sem,A.
2866,Liam,C.
2867,Emma,D.
2868,Fleur,G.
2869,Milan,M.
2870,Bram,N.
2871,Fleur,S.
2872,Sem,Y.
2873,Liam,A.
2874,Emma,W.
2875,Noah,V.
2876,Daan,N.
2877,Emma,F.
2878,Fleur,J.
2879,Bram,I.
2880,Daan,I.
2881,Tess,L.
2882,Noah,K.
2883,Levi,D.
2884,Julia,O.
2885,Julia,U.
2886,Eva,Y.
2887,Fleur,Y.
2888,Finn,I.
2889,Mila,A.
2890,Sara,R.
2891,Noah,K.
2892,Mila,R.
2893,Zoë,K.
2894,Noah,Y.
2895,Mila,K.
2896,Liam,R.
2897,Julia,D.
2898,Emma,K.
2899,Sara,U.
2900,Finn,L.
2901,Liam,R.
2902,Sophie,O.
2903,Julia,G.
2904,Milan,B.
2905,Lotte,H.
2906,Sara,Q.
2907,Liam,U.
2908,Sem,G.
2909,Tess,Y.
2910,Noah,W.
2911,Lucas,N.
2912,Sophie,F.
2913,Fleur,O.
2914,Fleur,V.
2915,Julia,W.
2916,Tess,Y.
2917,Levi,H.
2918,Finn,I.
2919,Noah,C.
2920,Sem,U.
2921,Lucas,T.
2922,Jesse,E.
2923,Liam,T.
2924,Liam,W.
2925,Levi,J.
2926,Liam,C.
2927,Liam,R.
2928,Noah,C.
2929,Zoë,C.
2930,Daan,R.
2931,Sophie,X.
2932,Eva,U.
2933,Milan,W.
2934,Lucas,Y.
2935,Bram,F.
2936,Sophie,I.
2937,Tess,M.
2938,Sara,W.
2939,Julia,O.
2940,Sophie,O.
2941,Finn,K.
2942,Sem,A.
2943,Levi,Z.
2944,Mila,D.
2945,Sem,Z.
2946,Zoë,V.
2947,Finn,I.
2948,Fleur,A.
2949,Sem,C.
2950,Liam,F.
2951,Jesse,J.
2952,Lucas,F.
2953,Emma,E.
2954,Eva,D.
2955,Emma,M.
2956,Lucas,U.
2957,Liam,S.
2958,Jesse,H.
2959,Emma,C.
2960,Tess,A.
2961,Lucas,E.
2962,Zoë,L.
2963,Lotte,X.
2964,Julia,E.
2965,Zoë,Z.
2966,Lucas,L.
2967,Zoë,F.
2968,Milan,V.
2969,Sophie,H.
2970,Julia,J.
2971,Levi,Y.
2972,Noah,H.
2973,Sem,H.
2974,Levi,L.
2975,Mila,U.
2976,Eva,I.
2977,Noah,B.
2978,Sophie,V.
2979,Levi,L.
2980,Mila,J.
2981,Noah,P.
2982,Bram,P.
2983,Sophie,D.
2984,Bram,R.
2985,Eva,C.
2986,Levi,D.
2987,Eva,P.
2988,Julia,H.
2989,Sara,O.
2990,Emma,D.
2991,Sem,C.
2992,Lucas,L.
2993,Bram,P.
2994,Mila,K.
2995,Lotte,B.
2996,Liam,Q.
2997,Mila,P.
2998,Sem,S.
2999,Fleur,M.
3000,Sophie,B.
3001,Sara,Q.
3002,Emma,H.
3003,Milan,F.
3004,Milan,K.
3005,Sem,D.
3006,Liam,P.
3007,Lucas,O.
3008,Bram,Z.
3009,Daan,C.
3010,Bram,U.
3011,Finn,D.
3012,Sem,I.
3013,Zoë,C.
3014,Sophie,W.
3015,Eva,P.
3016,Lucas,F.
3017,Milan,A.
3018,Milan,A.
3019,Eva,V.
3020,Emma,R.
3021,Mila,Y.
3022,Eva,V.
3023,Fleur,E.
3024,Zoë,E.
3025,Levi,Z.
3026,Finn,X.
3027,Emma,L.
3028,Julia,W.
3029,Mila,A.
3030,Fleur,O.
3031,Liam,O.
3032,Sem,B.
3033,Tess,O.
3034,Daan,G.
3035,Tess,X.
3036,Finn,S.
3037,Sem,C.
3038,Levi,A.
3039,Julia,A.
3040,Zoë,P.
3041,Mila,C.
3042,Eva,L.
3043,Milan,X.
3044,Eva,V.
3045,Sem,T.
3046,Sem,G.
3047,Eva,G.
3048,Tess,Z.
3049,Bram,I.
3050,Mila,Y.
3051,Finn,B.
3052,Sara,F.
3053,Finn,N.
3054,Noah,S.
3055,Zoë,Y.
3056,Julia,H.
3057,Noah,E.
3058,Fleur,Z.
3059,Lucas,T.
3060,Bram,P.
3061,Lotte,R.
3062,Levi,E.
3063,Lucas,H.
3064,Lotte,D.
3065,Lucas,N.
3066,Daan,E.
3067,Milan,E.
3068,Jesse,K.
3069,Emma,F.
3070,Mila,N.
3071,Julia,C.
3072,Jesse,O.
3073,Sara,I.
3074,Jesse,V.
3075,Mila,E.
3076,Lucas,W.
3077,Sara,D.
3078,Emma,N.
3079,Sophie,A.
3080,Tess,C.
3081,Tess,Y.
3082,Julia,E.
3083,Sara,C.
3084,Milan,M.
3085,Tess,Z.
3086,Milan,S.
3087,Sophie,O.
3088,Mila,P.
3089,Milan,S.
3090,Zoë,Q.
3091,Lotte,G.
3092,Sara,C.
3093,Jesse,I.
3094,Jesse,M.
3095,Julia,W.
3096,Lucas,U.
3097,Mila,N.
3098,Zoë,Q.
3099,Lucas,V.
3100,Liam,W.
3101,Emma,T.
3102,Eva,G.
3103,Finn,Z.
3104,Noah,O.
3105,Eva,K.
3106,Julia,O.
3107,Finn,Z.
3108,Mila,N.
3109,Liam,G.
3110,Lotte,N.
3111,Levi,E.
3112,Mila,L.
3113,Zoë,M.
3114,Eva,Y.
3115,Zoë,E.
3116,Mila,U.
3117,Sem,I.
3118,Sophie,B.
3119,Milan,E.
3120,Levi,T.
3121,Sara,U.
3122,Liam,P.
3123,Jesse,O.
3124,Finn,S.
3125,Lotte,L.
3126,Zoë,W.
3127,Sara,K.
3128,Julia,Z.
3129,Eva,W.
3130,Noah,V.
3131,Julia,M.
3132,Zoë,D.
3133,Tess,R.
3134,Sem,U.
3135,Mila,W.
3136,Jesse,Y.
3137,Sem,L.
3138,Tess,U.
3139,Lucas,F.
3140,Liam,T.
3141,Bram,V.
3142,Jesse,B.
3143,Sem,A.
3144,Fleur,R.
3145,Sara,X.
3146,Lotte,I.
3147,Noah,C.
3148,Noah,F.
3149,Liam,W.
3150,Mila,A.
3151,Julia,H.
3152,Julia,I.
3153,Mila,A.
3154,Noah,D.
3155,Liam,C.
3156,Sem,E.
3157,Eva,K.
3158,Liam,Q.
3159,Zoë,K.
3160,Tess,N.
3161,Eva,I.
3162,Finn,B.
3163,Liam,I.
3164,Julia,I.
3165,Liam,C.
3166,Fleur,B.
3167,Lucas,E.
3168,Finn,K.
3169,Milan,P.
3170,Daan,G.
3171,Fleur,R.
3172,Emma,Y.
3173,Daan,W.
3174,Sara,M.
3175,Tess,W.
3176,Noah,H.
3177,Tess,Z.
3178,Liam,Z.
3179,Eva,D.
3180,Liam,S.
3181,Daan,G.
3182,Bram,Z.
3183,Bram,Z.
3184,Mila,T.
3185,Liam,V.
3186,Eva,S.
3187,Sara,E.
3188,Noah,G.
3189,Jesse,G.
3190,Sophie,U.
3191,Bram,H.
3192,Lucas,Q.
3193,Sara,Q.
3194,Lotte,K.
3195,Emma,A.
3196,Mila,X.
3197,Noah,H.
3198,Milan,J.
3199,Sem,U.
3200,Bram,T.
3201,Sem,F.
3202,Sem,J.
3203,Lucas,E.
3204,Julia,B.
3205,Mila,O.
3206,Finn,W.
3207,Tess,M.
3208,Finn,Q.
3209,Tess,B.
3210,Fleur,K.
3211,Liam,J.
3212,Emma,K.
3213,Milan,H.
3214,Daan,F.
3215,Mila,O.
3216,Noah,G.
3217,Finn,D.
3218,Milan,W.
3219,Milan,L.
3220,Eva,Q.
3221,Tess,Y.
3222,Liam,D.
3223,Liam,T.
3224,Levi,N.
3225,Eva,C.
3226,Lucas,Z.
3227,Milan,H.
3228,Bram,K.
3229,Eva,W.
3230,Sara,Y.
3231,Zoë,R.
3232,Bram,Y.
3233,Finn,T.
3234,Emma,D.
3235,Bram,C.
3236,Lucas,E.
3237,Emma,R.
3238,Daan,C.
3239,Bram,V.
3240,Fleur,B.
3241,Tess,V.
3242,Liam,Y.
3243,Finn,N.
3244,Milan,C.
3245,Daan,M.
3246,Sophie,W.
3247,Emma,B.
3248,Tess,Y.
3249,Daan,Q.
3250,Sophie,W.
3251,Liam,K.
3252,Julia,R.
3253,Fleur,N.
3254,Julia,H.
3255,Julia,M.
3256,Sara,W.
3257,Finn,L.
3258,Sophie,H.
3259,Bram,R.
3260,Sophie,C.
3261,Lucas,X.
3262,Levi,P.
3263,Mila,F.
3264,Fleur,Z.
3265,Tess,Y.
3266,Bram,M.
3267,Sem,X.
3268,Daan,X.
3269,Sem,P.
3270,Sophie,Q.
3271,Finn,Z.
3272,Mila,A.
3273,Lucas,Q.
3274,Eva,W.
3275,Daan,T.
3276,Finn,K.
3277,Julia,X.
3278,Finn,V.
3279,Sem,V.
3280,Sara,B.
3281,Noah,H.
3282,Jesse,L.
3283,Noah,Z.
3284,Lucas,T.
3285,Emma,B.
3286,Finn,H.
3287,Finn,I.
3288,Zoë,J.
3289,Zoë,T.
3290,Zoë,M.
3291,Levi,J.
3292,Sophie,H.
3293,Noah,V.
3294,Sara,Y.
3295,Jesse,Y.
3296,Mila,U.
3297,Emma,X.
3298,Julia,Y.
3299,Daan,J.
3300,Lucas,Q.
3301,Finn,M.
3302,Sara,J.
3303,Daan,H.
3304,Lotte,W.
3305,Finn,V.
3306,Emma,L.
3307,Julia,K.
3308,Daan,X.
3309,Lotte,U.
3310,Emma,Z.
3311,Lotte,O.
3312,Finn,P.
3313,Bram,Z.
3314,Sem,X.
3315,Finn,L.
3316,Mila,C.
3317,Sophie,D.
3318,Finn,A.
3319,Noah,H.
3320,Zoë,C.
3321,Fleur,C.
3322,Eva,X.
3323,Emma,G.
3324,Bram,U.
3325,Levi,J.
3326,Eva,M.
3327,Tess,U.
3328,Jesse,P.
3329,Finn,L.
3330,Tess,X.
3331,Zoë,S.
3332,Sophie,T.
3333,Jesse,Q.
3334,Liam,P.
3335,Bram,N.
3336,Noah,V.
3337,Mila,G.
3338,Sem,L.
3339,Lotte,L.
3340,Sophie,U.
3341,Jesse,B.
3342,Bram,S.
3343,Jesse,N.
3344,Noah,W.
3345,Daan,N.
3346,Liam,F.
3347,Milan,J.
3348,Milan,Z.
3349,Zoë,D.
3350,Mila,Z.
3351,Fleur,Z.
3352,Emma,H.
3353,Zoë,X.
3354,Sara,F.
3355,Levi,U.
3356,Liam,N.
3357,Sem,K.
3358,Tess,K.
3359,Milan,X.
3360,Julia,P.
3361,Lotte,Y.
3362,Milan,A.
3363,Daan,T.
3364,Levi,R.
3365,Julia,F.
3366,Noah,U.
3367,Lotte,Y.
3368,Sophie,S.
3369,Zoë,B.
3370,Emma,G.
3371,Milan,A.
3372,Milan,W.
3373,Sem,Q.
3374,Bram,E.
3375,Lotte,G.
3376,Daan,E.
3377,Bram,Z.
3378,Noah,N.
3379,Daan,T.
3380,Lucas,T.
3381,Lucas,H.
3382,Sara,G.
3383,Milan,U.
3384,Bram,B.
3385,Liam,Y.
3386,Noah,Z.
3387,Finn,W.
3388,Julia,X.
3389,Mila,R.
3390,Lucas,H.
3391,Milan,F.
3392,Mila,T.
3393,Julia,G.
3394,Jesse,X.
3395,Sophie,X.
3396,Bram,W.
3397,Fleur,W.
3398,Sem,I.
3399,Sara,Q.
3400,Emma,P.
3401,Noah,O.
3402,Liam,C.
3403,Lotte,V.
3404,Sara,E.
3405,Finn,O.
3406,Julia,U.
3407,Sem,R.
3408,Finn,N.
3409,Mila,G.
3410,Mila,F.
3411,Sara,L.
3412,Fleur,N.
3413,Tess,J.
3414,Julia,U.
3415,Sem,O.
3416,Liam,E.
3417,Sem,S.
3418,Finn,D.
3419,Milan,J.
3420,Julia,N.
3421,Eva,O.
3422,Jesse,P.
3423,Eva,I.
3424,Eva,Q.
3425,Sem,P.
3426,Jesse,Q.
3427,Daan,Q.
3428,Julia,H.
3429,Liam,L.
3430,Levi,C.
3431,Levi,D.
3432,Zoë,X.
3433,Sara,K.
3434,Zoë,W.
3435,Levi,U.
3436,Daan,O.
3437,Jesse,R.
3438,Noah,B.
3439,Eva,L.
3440,Milan,U.
3441,Levi,N.
3442,Fleur,J.
3443,Julia,R.
3444,Noah,V.
3445,Daan,U.
3446,Zoë,V.
3447,Levi,Z.
3448,Finn,S.
3449,Jesse,V.
3450,Mila,K.
3451,Julia,R.
3452,Lotte,M.
3453,Julia,J.
3454,Sophie,E.
3455,Noah,T.
3456,Finn,Z.
3457,Eva,O.
3458,Eva,I.
3459,Zoë,Q.
3460,Noah,L.
3461,Lotte,R.
3462,Finn,U.
3463,Eva,D.
3464,Finn,I.
3465,Levi,T.
3466,Fleur,S.
3467,Lucas,A.
3468,Zoë,Z.
3469,Levi,C.
3470,Zoë,Z.
3471,Lotte,A.
3472,Lucas,K.
3473,Tess,P.
3474,Julia,W.
3475,Levi,A.
3476,Liam,G.
3477,Sem,B.
3478,Daan,E.
3479,Tess,H.
3480,Mila,B.
3481,Sara,I.
3482,Sophie,X.
3483,Sophie,E.
3484,Lotte,R.
3485,Liam,Y.
3486,Daan,N.
3487,Sem,B.
3488,Eva,X.
3489,Levi,N.
3490,Liam,U.
3491,Julia,T.
3492,Daan,J.
3493,Emma,C.
3494,Emma,F.
3495,Sophie,B.
3496,Noah,K.
3497,Julia,D.
3498,Bram,F.
3499,Sophie,F.
3500,Sem,T.
3501,Zoë,V.
3502,Sem,L.
3503,Sophie,N.
3504,Finn,M.
3505,Sara,I.
3506,Bram,H.
3507,Eva,A.
3508,Julia,F.
3509,Julia,E.
3510,Zoë,U.
3511,Emma,O.
3512,Milan,T.
3513,Emma,Z.
3514,Bram,R.
3515,Jesse,A.
3516,Bram,O.
3517,Noah,T.
3518,Finn,V.
3519,Levi,Q.
3520,Daan,B.
3521,Lotte,Q.
3522,Daan,P.
3523,Julia,W.
3524,Levi,F.
3525,Noah,Q.
3526,Milan,A.
3527,Zoë,N.
3528,Sem,S.
3529,Levi,X.
3530,Sara,K.
3531,Eva,S.
3532,Fleur,F.
3533,Finn,M.
3534,Sem,I.
3535,Sem,Z.
3536,Fleur,A.
3537,Jesse,W.
3538,Finn,K.
3539,Lotte,I.
3540,Fleur,K.
3541,Julia,S.
3542,Lotte,P.
3543,Lucas,C.
3544,Eva,Y.
3545,Emma,E.
3546,Sara,Y.
3547,Liam,S.
3548,Sara,J.
3549,Jesse,Q.
3550,Sara,W.
3551,Noah,C.
3552,Jesse,Y.
3553,Daan,D.
3554,Levi,I.
3555,Sophie,T.
3556,Sara,O.
3557,Lucas,C.
3558,Bram,U.
3559,Zoë,D.
3560,Emma,P.
3561,Tess,G.
3562,Liam,U.
3563,Lucas,I.
3564,Zoë,G.
3565,Milan,Q.
3566,Milan,N.
3567,Jesse,W.
3568,Lucas,O.
3569,Finn,M.
3570,Eva,D.
3571,Emma,X.
3572,Daan,Z.
3573,Tess,B.
3574,Fleur,R.
3575,Daan,L.
3576,Levi,H.
3577,Lucas,Q.
3578,Emma,O.
3579,Eva,A.
3580,Liam,C.
3581,Emma,G.
3582,Bram,T.
3583,Eva,W.
3584,Liam,X.
3585,Tess,K.
3586,Fleur,F.
3587,Daan,U.
3588,Sophie,U.
3589,Julia,Q.
3590,Lucas,K.
3591,Julia,F.
3592,Mila,P.
3593,Mila,I.
3594,Lucas,B.
3595,Mila,F.
3596,Fleur,J.
3597,Liam,U.
3598,Levi,R.
3599,Fleur,O.
3600,Sem,D.
3601,Sara,P.
3602,Finn,V.
3603,Emma,X.
3604,Levi,H.
3605,Bram,P.
3606,Milan,G.
3607,Lucas,F.
3608,Milan,V.
3609,Sophie,R.
3610,Finn,M.
3611,Julia,E.
3612,Eva,P.
3613,Eva,I.
3614,Jesse,L.
3615,Sophie,R.
3616,Eva,Y.
3617,Jesse,K.
3618,Julia,K.
3619,Sophie,L.
3620,Levi,D.
3621,Daan,P.
3622,Jesse,J.
3623,Finn,M.
3624,Jesse,R.
3625,Julia,K.
3626,Noah,K.
3627,Sem,O.
3628,Sophie,J.
3629,Bram,U.
3630,Zoë,S.
3631,Zoë,P.
3632,Sem,R.
3633,Julia,L.
3634,Sem,T.
3635,Sem,J.
3636,Tess,W.
3637,Mila,W.
3638,Jesse,C.
3639,Sara,A.
3640,Sem,R.
3641,Liam,G.
3642,Milan,Q.
3643,Sophie,Y.
3644,Mila,V.
3645,Sophie,V.
3646,Tess,D.
3647,Sem,V.
3648,Jesse,W.
3649,Noah,I.
3650,Emma,N.
3651,Liam,I.
3652,Finn,S.
3653,Noah,Q.
3654,Sara,L.
3655,Jesse,R.
3656,Julia,A.
3657,Jesse,G.
3658,Julia,H.
3659,Sophie,G.
3660,Sophie,I.
3661,Jesse,X.
3662,Milan,K.
3663,Levi,M.
3664,Noah,C.
3665,Fleur,W.
3666,Sara,D.
3667,Lucas,Q.
3668,Daan,N.
3669,Zoë,V.
3670,Noah,A.
3671,Emma,N.
3672,Fleur,R.
3673,Levi,F.
3674,Zoë,X.
3675,Zoë,R.
3676,Daan,L.
3677,Zoë,I.
3678,Lotte,E.
3679,Julia,F.
3680,Daan,E.
3681,Sophie,S.
3682,Sophie,F.
3683,Tess,Q.
3684,Jesse,S.
3685,Sophie,R.
3686,Eva,N.
3687,Bram,R.
3688,Noah,X.
3689,Emma,H.
3690,Sara,E.
3691,Mila,Y.
3692,Noah,H.
3693,Zoë,H.
3694,Liam,P.
3695,Jesse,M.
3696,Sara,K.
3697,Eva,Y.
3698,Emma,H.
3699,Emma,O.
3700,Milan,H.
3701,Emma,T.
3702,Julia,G.
3703,Liam,I.
3704,Liam,Y.
3705,Finn,Y.
3706,Liam,K.
3707,Liam,N.
3708,Tess,C.
3709,Milan,Y.
3710,Bram,H.
3711,Daan,F.
3712,Tess,N.
3713,Finn,D.
3714,Milan,N.
3715,Julia,S.
3716,Emma,P.
3717,Sophie,X.
3718,Julia,U.
3719,Emma,J.
3720,Milan,B.
3721,Finn,B.
3722,Sophie,Q.
3723,Sem,Q.
3724,Levi,F.
3725,Mila,V.
3726,Sem,N.
3727,Lucas,V.
3728,Bram,C.
3729,Mila,O.
3730,Noah,W.
3731,Mila,V.
3732,Levi,D.
3733,Sem,N.
3734,Liam,R.
3735,Tess,L.
3736,Finn,H.
3737,Lucas,V.
3738,Finn,H.
3739,Emma,M.
3740,Sara,W.
3741,Sara,C.
3742,Daan,C.
3743,Liam,B.
3744,Lotte,G.
3745,Lucas,U.
3746,Sophie,M.
3747,Milan,V.
3748,Eva,I.
3749,Sem,D.
3750,Eva,S.
3751,Bram,J.
3752,Liam,S.
3753,Eva,E.
3754,Daan,C.
3755,Eva,N.
3756,Daan,V.
3757,Noah,W.
3758,Julia,S.
3759,Emma,Z.
3760,Liam,D.
3761,Finn,H.
3762,Emma,H.
3763,Jesse,X.
3764,Lucas,L.
3765,Julia,W.
3766,Zoë,N.
3767,Lucas,F.
3768,Bram,O.
3769,Julia,A.
3770,Daan,C.
3771,Lotte,X.
3772,Sara,H.
3773,Daan,V.
3774,Lucas,W.
3775,Sophie,D.
3776,Levi,C.
3777,Mila,A.
3778,Daan,B.
3779,Zoë,C.
3780,Tess,S.
3781,Finn,X.
3782,Lotte,S.
3783,Bram,U.
3784,Jesse,R.
3785,Sem,J.
3786,Milan,G.
3787,Eva,X.
3788,Finn,E.
3789,Zoë,L.
3790,Milan,R.
3791,Jesse,H.
3792,Fleur,I.
3793,Milan,E.
3794,Milan,A.
3795,Sara,N.
3796,Fleur,F.
3797,Emma,R.
3798,Tess,I.
3799,Sophie,Y.
3800,Bram,Y.
3801,Zoë,Q.
3802,Eva,H.
3803,Milan,R.
3804,Levi,R.
3805,Tess,J.
3806,Levi,W.
3807,Emma,I.
3808,Eva,K.
3809,Sem,X.
3810,Bram,L.
3811,Tess,O.
3812,Zoë,C.
3813,Zoë,X.
3814,Sem,H.
3815,Sara,U.
3816,Lucas,U.
3817,Zoë,W.
3818,Noah,I.
3819,Lotte,B.
3820,Finn,L.
3821,Sara,B.
3822,Sara,T.
3823,Milan,V.
3824,Tess,Z.
3825,Mila,K.
3826,Finn,P.
3827,Sophie,X.
3828,Julia,P.
3829,Sophie,L.
3830,Sem,I.
3831,Eva,B.
3832,Daan,K.
3833,Sara,O.
3834,Tess,N.
3835,Daan,K.
3836,Daan,U.
3837,Julia,W.
3838,Julia,L.
3839,Lucas,B.
3840,Mila,K.
3841,Emma,F.
3842,Emma,N.
3843,Sara,G.
3844,Daan,Y.
3845,Zoë,Q.
3846,Sophie,D.
3847,Lucas,O.
3848,Milan,M.
3849,Fleur,I.
3850,Noah,M.
3851,Levi,F.
3852,Levi,Z.
3853,Noah,X.
3854,Zoë,D.
3855,Finn,K.
3856,Daan,V.
3857,Emma,T.
3858,Sem,G.
3859,Noah,S.
3860,Jesse,T.
3861,Mila,J.
3862,Sophie,G.
3863,Mila,H.
3864,Eva,S.
3865,Jesse,K.
3866,Sophie,B.
3867,Jesse,K.
3868,Milan,U.
3869,Fleur,C.
3870,Milan,O.
3871,Sophie,H.
3872,Sem,O.
3873,Tess,N.
3874,Zoë,A.
3875,Mila,D.
3876,Finn,M.
3877,Mila,U.
3878,Sara,H.
3879,Finn,S.
3880,Mila,M.
3881,Emma,Q.
3882,Lotte,Z.
3883,Tess,I.
3884,Eva,Y.
3885,Eva,O.
3886,Noah,B.
3887,Levi,O.
3888,Mila,T.
3889,Fleur,F.
3890,Fleur,P.
3891,Lotte,M.
3892,Julia,Z.
3893,Sophie,I.
3894,Bram,C.
3895,Tess,O.
3896,Sem,W.
3897,Noah,C.
3898,Liam,C.
3899,Julia,L.
3900,Noah,N.
3901,Sara,Q.
3902,Bram,J.
3903,Zoë,Q.
3904,Zoë,W.
3905,Julia,D.
3906,Milan,Q.
3907,Eva,D.
3908,Zoë,J.
3909,Lotte,G.
3910,Mila,M.
3911,Zoë,K.
3912,Fleur,T.
3913,Lotte,S.
3914,Lucas,J.
3915,Liam,T.
3916,Zoë,D.
3917,Zoë,V.
3918,Lotte,U.
3919,Finn,E.
3920,Finn,V.
3921,Sophie,K.
3922,Julia,N.
3923,Noah,L.
3924,Mila,M.
3925,Noah,F.
3926,Sem,V.
3927,Lotte,O.
3928,Zoë,M.
3929,Lucas,H.
3930,Julia,Z.
3931,Bram,F.
3932,Zoë,X.
3933,Emma,A.
3934,Levi,H.
3935,Finn,V.
3936,Levi,V.
3937,Emma,P.
3938,Lotte,P.
3939,Sem,R.
3940,Julia,C.
3941,Julia,W.
3942,Julia,I.
3943,Milan,E.
3944,Fleur,Y.
3945,Julia,V.
3946,Milan,K.
3947,Tess,R.
3948,Lotte,E.
3949,Eva,X.
3950,Fleur,D.
3951,Daan,I.
3952,Tess,J.
3953,Sem,R.
3954,Fleur,Z.
3955,Jesse,H.
3956,Bram,X.
3957,Finn,S.
3958,Daan,Y.
3959,Zoë,P.
3960,Bram,R.
3961,Julia,B.
3962,Sophie,C.
3963,Fleur,T.
3964,Emma,S.
3965,Milan,X.
3966,Daan,I.
3967,Liam,F.
3968,Milan,A.
3969,Noah,T.
3970,Mila,O.
3971,Liam,W.
3972,Bram,R.
3973,Mila,F.
3974,Sem,K.
3975,Finn,T.
3976,Noah,E.
3977,Finn,L.
3978,Liam,C.
3979,Noah,T.
3980,Sophie,B.
3981,Julia,W.
3982,Tess,V.
3983,Lucas,J.
3984,Liam,G.
3985,Bram,T.
3986,Lucas,R.
3987,Noah,Z.
3988,Emma,X.
3989,Tess,H.
3990,Tess,C.
3991,Lotte,P.
3992,Fleur,T.
3993,Daan,M.
3994,Lotte,O.
3995,Levi,Z.
3996,Bram,G.
3997,Mila,I.
3998,Lucas,X.
3999,Milan,H.
4000,Daan,W.
4001,Tess,M.
4002,Emma,H.
4003,Sophie,G.
4004,Bram,Z.
4005,Zoë,O.
4006,Milan,L.
4007,Milan,P.
4008,Noah,T.
4009,Zoë,M.
4010,Sem,F.
4011,Zoë,P.
4012,Levi,F.
4013,Milan,Y.
4014,Daan,N.
4015,Julia,P.
4016,Milan,G.
4017,Sem,U.
4018,Mila,L.
4019,Jesse,Z.
4020,Sophie,I.
4021,Lucas,L.
4022,Sophie,P.
4023,Tess,M.
4024,Jesse,S.
4025,Sem,K.
4026,Sara,Z.
4027,Noah,Z.
4028,Tess,I.
4029,Daan,R.
4030,Lotte,T.
4031,Jesse,U.
4032,Daan,W.
4033,Julia,J.
4034,Sophie,Z.
4035,Sara,O.
4036,Sara,V.
4037,Sara,G.
4038,Sophie,E.
4039,Sara,F.
4040,Milan,E.
4041,Finn,H.
4042,Sara,M.
4043,Lucas,E.
4044,Sophie,F.
4045,Jesse,G.
4046,Julia,P.
4047,Jesse,R.
4048,Sem,O.
4049,Milan,P.
4050,Sophie,A.
4051,Sem,O.
4052,Emma,Y.
4053,Jesse,D.
4054,Lotte,N.
4055,Sem,Y.
4056,Tess,U.
4057,Fleur,H.
4058,Jesse,F.
4059,Zoë,L.
4060,Sophie,P.
4061,Liam,U.
4062,Julia,W.
4063,Tess,E.
4064,Lucas,R.
4065,Sophie,B.
4066,Jesse,B.
4067,Sem,H.
4068,Sem,C.
4069,Lucas,I.
4070,Liam,I.
4071,Eva,F.
4072,Lucas,A.
4073,Tess,O.
4074,Mila,L.
4075,Mila,Z.
4076,Sara,D.
4077,Mila,A.
4078,Sophie,K.
4079,Sophie,O.
4080,Eva,Y.
4081,Noah,H.
4082,Sem,L.
4083,Emma,K.
4084,Levi,N.
4085,Lotte,M.
4086,Mila,J.
4087,Sara,C.
4088,Fleur,Z.
4089,Milan,X.
4090,Bram,V.
4091,Sara,S.
4092,Milan,Y.
4093,Eva,I.
4094,Julia,N.
4095,Sara,G.
4096,Emma,R.
4097,Sem,O.
4098,Jesse,H.
4099,Lotte,Q.
4100,Sophie,C.
4101,Zoë,N.
4102,Noah,A.
4103,Lucas,U.
4104,Eva,U.
4105,Julia,G.
4106,Eva,E.
4107,Tess,N.
4108,Sem,E.
4109,Levi,V.
4110,Noah,V.
4111,Tess,A.
4112,Levi,O.
4113,Finn,Q.
4114,Fleur,H.
4115,Finn,C.
4116,Daan,B.
4117,Liam,J.
4118,Emma,Z.
4119,Tess,J.
4120,Lotte,W.
4121,Julia,D.
4122,Liam,X.
4123,Liam,J.
4124,Noah,Y.
4125,Zoë,W.
4126,Julia,T.
4127,Levi,U.
4128,Milan,X.
4129,Sara,D.
4130,Sophie,Q.
4131,Bram,J.
4132,Eva,O.
4133,Levi,D.
4134,Sara,H.
4135,Levi,G.
4136,Finn,P.
4137,Levi,M.
4138,Milan,Y.
4139,Lotte,I.
4140,Sophie,S.
4141,Emma,U.
4142,Bram,I.
4143,Sem,E.
4144,Bram,M.
4145,Fleur,I.
4146,Zoë,E.
4147,Fleur,Q.
4148,Julia,N.
4149,Daan,I.
4150,Mila,D.
4151,Lotte,A.
4152,Sara,C.
4153,Emma,T.
4154,Bram,V.
4155,Tess,S.
4156,Bram,W.
4157,Liam,D.
4158,Sophie,M.
4159,Tess,Q.
4160,Noah,Z.
4161,Levi,L.
4162,Daan,Z.
4163,Eva,C.
4164,Noah,A.
4165,Daan,Q.
4166,Mila,U.
4167,Liam,C.
4168,Lotte,G.
4169,Fleur,Q.
4170,Liam,E.
4171,Tess,N.
4172,Bram,I.
4173,Jesse,H.
4174,Finn,B.
4175,Jesse,X.
4176,Sophie,R.
4177,Sara,J.
4178,Fleur,B.
4179,Sophie,D.
4180,Sara,C.
4181,Jesse,W.
4182,Sem,S.
4183,Lucas,V.
4184,Eva,J.
4185,Julia,S.
4186,Sara,A.
4187,Tess,O.
4188,Jesse,K.
4189,Tess,R.
4190,Lucas,U.
4191,Milan,C.
4192,Sophie,Z.
4193,Milan,P.
4194,Finn,H.
4195,Zoë,D.
4196,Finn,Q.
4197,Milan,J.
4198,Tess,L.
4199,Mila,N.
4200,Milan,I.
4201,Fleur,T.
4202,Mila,N.
4203,Bram,I.
4204,Fleur,Z.
4205,Sem,E.
4206,Lotte,U.
4207,Daan,Z.
4208,Lotte,A.
4209,Liam,I.
4210,Julia,L.
4211,Lucas,W.
4212,Fleur,G.
4213,Levi,O.
4214,Julia,W.
4215,Sophie,J.
4216,Sophie,F.
4217,Eva,U.
4218,Milan,V.
4219,Sara,B.
4220,Sem,M.
4221,Levi,V.
4222,Sara,G.
4223,Zoë,V.
4224,Lotte,X.
4225,Tess,M.
4226,Jesse,M.
4227,Milan,M.
4228,Sem,M.
4229,Daan,Q.
4230,Finn,R.
4231,Bram,B.
4232,Liam,H.
4233,Liam,W.
4234,Lotte,F.
4235,Zoë,Z.
4236,Lucas,Z.
4237,Bram,P.
4238,Finn,J.
4239,Fleur,L.
4240,Julia,R.
4241,Julia,F.
4242,Liam,E.
4243,Jesse,Q.
4244,Sem,P.
4245,Finn,D.
4246,Milan,E.
4247,Daan,W.
4248,Lotte,H.
4249,Finn,J.
4250,Tess,C.
4251,Lucas,G.
4252,Levi,A.
4253,Sara,H.
4254,Levi,O.
4255,Noah,O.
4256,Levi,Z.
4257,Noah,D.
4258,Mila,M.
4259,Lucas,H.
4260,Noah,S.
4261,Sophie,O.
4262,Sara,S.
4263,Milan,C.
4264,Mila,O.
4265,Tess,G.
4266,Emma,L.
4267,Jesse,B.
4268,Sophie,Y.
4269,Jesse,A.
4270,Jesse,Z.
4271,Eva,R.
4272,Daan,M.
4273,Daan,R.
4274,Bram,I.
4275,Zoë,M.
4276,Julia,G.
4277,Liam,W.
4278,Jesse,Z.
4279,Finn,T.
4280,Sara,G.
4281,Tess,S.
4282,Finn,B.
4283,Milan,L.
4284,Milan,D.
4285,Emma,K.
4286,Lucas,W.
4287,Lucas,V.
4288,Lucas,N.
4289,Milan,O.
4290,Bram,O.
4291,Bram,Y.
4292,Jesse,K.
4293,Sophie,W.
4294,Fleur,F.
4295,Sophie,H.
4296,Daan,G.
4297,Daan,G.
4298,Eva,V.
4299,Finn,G.
4300,Finn,X.
4301,Bram,P.
4302,Emma,U.
4303,Julia,B.
4304,Julia,O.
4305,Liam,C.
4306,Bram,A.
4307,Noah,P.
4308,Sara,Q.
4309,Liam,N.
4310,Mila,E.
4311,Emma,S.
4312,Sara,H.
4313,Finn,J.
4314,Eva,N.
4315,Levi,B.
4316,Milan,A.
4317,Finn,B.
4318,Fleur,Z.
4319,Sara,G.
4320,Mila,K.
4321,Noah,A.
4322,Sophie,B.
4323,Sara,P.
4324,Eva,L.
4325,Sophie,S.
4326,Levi,S.
4327,Finn,A.
4328,Levi,U.
4329,Lucas,N.
4330,Fleur,C.
4331,Eva,R.
4332,Milan,M.
4333,Sophie,P.
4334,Sophie,M.
4335,Sophie,P.
4336,Sara,Z.
4337,Milan,T.
4338,Noah,D.
4339,Fleur,P.
4340,Tess,B.
4341,Fleur,N.
4342,Fleur,I.
4343,Noah,P.
4344,Mila,L.
4345,Jesse,O.
4346,Levi,D.
4347,Tess,U.
4348,Fleur,T.
4349,Emma,K.
4350,Tess,R.
4351,Mila,S.
4352,Levi,S.
4353,Noah,N.
4354,Bram,R.
4355,Jesse,E.
4356,Fleur,X.
4357,Eva,J.
4358,Lotte,B.
4359,Tess,V.
4360,Noah,E.
4361,Finn,W.
4362,Emma,Y.
4363,Mila,A.
4364,Julia,Z.
4365,Lucas,H.
4366,Levi,H.
4367,Milan,T.
4368,Finn,T.
4369,Jesse,E.
4370,Sophie,H.
4371,Bram,Q.
4372,Levi,L.
4373,Daan,Z.
4374,Bram,F.
4375,Lotte,Y.
4376,Tess,L.
4377,Noah,Q.
4378,Lucas,Z.
4379,Eva,B.
4380,Sophie,F.
4381,Noah,M.
4382,Lotte,V.
4383,Liam,K.
4384,Finn,C.
4385,Daan,M.
4386,Daan,J.
4387,Lotte,W.
4388,Emma,S.
4389,Sophie,Z.
4390,Bram,Q.
4391,Daan,P.
4392,Sophie,G.
4393,Daan,Z.
4394,Tess,H.
4395,Noah,B.
4396,Lucas,D.
4397,Julia,Y.
4398,Bram,U.
4399,Milan,Z.
4400,Finn,E.
4401,Julia,K.
4402,Levi,V.
4403,Daan,V.
4404,Jesse,O.
4405,Lucas,Z.
4406,Lucas,T.
4407,Lotte,F.
4408,Daan,T.
4409,Zoë,E.
4410,Mila,W.
4411,Noah,V.
4412,Sophie,G.
4413,Tess,Y.
4414,Noah,J.
4415,Finn,D.
4416,Tess,Y.
4417,Bram,Z.
4418,Lotte,F.
4419,Bram,D.
4420,Liam,L.
4421,Levi,F.
4422,Julia,G.
4423,Liam,Y.
4424,Noah,C.
4425,Levi,C.
4426,Daan,H.
4427,Bram,V.
4428,Emma,N.
4429,Bram,D.
4430,Noah,M.
4431,Finn,G.
4432,Mila,S.
4433,Sara,W.
4434,Zoë,Z.
4435,Bram,R.
4436,Zoë,W.
4437,Daan,M.
4438,Liam,J.
4439,Sara,J.
4440,Tess,X.
4441,Sophie,G.
4442,Sara,K.
4443,Bram,J.
4444,Sem,U.
4445,Eva,J.
4446,Levi,T.
4447,Liam,D.
4448,Bram,C.
4449,Jesse,O.
4450,Sara,I.
4451,Eva,I.
4452,Levi,D.
4453,Mila,Q.
4454,Julia,Q.
4455,Sara,G.
4456,Noah,P.
4457,Levi,K.
4458,Levi,U.
4459,Sophie,R.
4460,Liam,M.
4461,Daan,J.
4462,Sara,Q.
4463,Daan,J.
4464,Finn,O.
4465,Bram,J.
4466,Jesse,P.
4467,Fleur,T.
4468,Daan,F.
4469,Lucas,U.
4470,Milan,A.
4471,Sara,W.
4472,Noah,I.
4473,Lotte,P.
4474,Zoë,G.
4475,Sara,Y.
4476,Noah,O.
4477,Sara,X.
4478,Sem,W.
4479,Liam,C.
4480,Mila,J.
4481,Levi,G.
4482,Sara,L.
4483,Jesse,V.
4484,Bram,U.
4485,Sara,L.
4486,Levi,D.
4487,Mila,C.
4488,Tess,Q.
4489,Sophie,S.
4490,Bram,Y.
4491,Sara,V.
4492,Zoë,S.
4493,Sara,U.
4494,Julia,H.
4495,Jesse,Q.
4496,Lotte,N.
4497,Finn,I.
4498,Levi,K.
4499,Eva,X.
4500,Bram,B.
4501,Eva,S.
4502,Milan,G.
4503,Emma,F.
4504,Emma,L.
4505,Tess,Z.
4506,Liam,G.
4507,Mila,P.
4508,Tess,O.
4509,Lotte,N.
4510,Lotte,C.
4511,Emma,X.
4512,Liam,F.
4513,Sem,W.
4514,Liam,M.
4515,Daan,Q.
4516,Tess,L.
4517,Liam,E.
4518,Lotte,K.
4519,Sara,H.
4520,Sophie,B.
4521,Liam,P.
4522,Finn,B.
4523,Levi,U.
4524,Lucas,L.
4525,Bram,H.
4526,Lucas,F.
4527,Bram,F.
4528,Julia,Y.
4529,Bram,W.
4530,Zoë,Y.
4531,Daan,T.
4532,Levi,Y.
4533,Lotte,C.
4534,Sem,J.
4535,Zoë,V.
4536,Lucas,R.
4537,Mila,U.
4538,Sophie,R.
4539,Finn,M.
4540,Mila,T.
4541,Finn,A.
4542,Noah,O.
4543,Sara,Z.
4544,Zoë,J.
4545,Eva,H.
4546,Jesse,W.
4547,Mila,J.
4548,Sem,X.
4549,Zoë,R.
4550,Eva,S.
4551,Zoë,W.
4552,Levi,C.
4553,Noah,S.
4554,Noah,S.
4555,Lotte,W.
4556,Levi,U.
4557,Finn,P.
4558,Sem,N.
4559,Lotte,T.
4560,Sem,P.
4561,Emma,P.
4562,Sem,K.
4563,Eva,Y.
4564,Noah,W.
4565,Lucas,J.
4566,Daan,U.
4567,Bram,Z.
4568,Fleur,V.
4569,Sem,J.
4570,Lotte,P.
4571,Fleur,F.
4572,Sem,J.
4573,Levi,K.
4574,Noah,D.
4575,Tess,L.
4576,Sem,S.
4577,Daan,F.
4578,Sara,X.
4579,Tess,D.
4580,Zoë,Y.
4581,Jesse,E.
4582,Sophie,J.
4583,Lucas,Y.
4584,Milan,N.
4585,Lucas,U.
4586,Bram,J.
4587,Lotte,K.
4588,Lucas,V.
4589,Noah,H.
4590,Finn,H.
4591,Finn,Y.
4592,Sem,Z.
4593,Sara,I.
4594,Finn,A.
4595,Tess,J.
4596,Noah,Q.
4597,Lucas,E.
4598,Sem,L.
4599,Sophie,U.
4600,Zoë,K.
4601,Sophie,Q.
4602,Julia,N.
4603,Lucas,C.
4604,Jesse,O.
4605,Eva,J.
4606,Zoë,Q.
4607,Milan,Y.
4608,Emma,K.
4609,Sara,T.
4610,Lucas,R.
4611,Julia,P.
4612,Eva,K.
4613,Daan,H.
4614,Lucas,T.
4615,Sophie,H.
4616,Mila,H.
4617,Emma,G.
4618,Milan,H.
4619,Daan,R.
4620,Eva,L.
4621,Eva,L.
4622,Emma,G.
4623,Mila,N.
4624,Milan,P.
4625,Sem,B.
4626,Finn,B.
4627,Liam,I.
4628,Zoë,D.
4629,Eva,E.
4630,Milan,Q.
4631,Julia,Z.
4632,Sophie,Q.
4633,Fleur,E.
4634,Levi,E.
4635,Tess,G.
4636,Jesse,Y.
4637,Finn,P.
4638,Liam,P.
4639,Finn,Z.
4640,Levi,G.
4641,Zoë,A.
4642,Eva,P.
4643,Sem,G.
4644,Lotte,Q.
4645,Sophie,W.
4646,Bram,Y.
4647,Mila,T.
4648,Sophie,K.
4649,Daan,D.
4650,Sem,Z.
4651,Lotte,X.
4652,Finn,L.
4653,Liam,N.
4654,Sophie,Y.
4655,Lotte,B.
4656,Tess,U.
4657,Levi,Z.
4658,Bram,P.
4659,Lucas,Z.
4660,Finn,J.
4661,Lotte,A.
4662,Sem,P.
4663,Julia,C.
4664,Sem,L.
4665,Jesse,N.
4666,Sem,X.
4667,Liam,V.
4668,Liam,Q.
4669,Emma,T.
4670,Daan,A.
4671,Milan,P.
4672,Bram,T.
4673,Lucas,I.
4674,Noah,N.
4675,Jesse,I.
4676,Milan,B.
4677,Lucas,E.
4678,Bram,G.
4679,Sem,H.
4680,Daan,A.
4681,Jesse,I.
4682,Daan,P.
4683,Sara,L.
4684,Noah,N.
4685,Sara,W.
4686,Emma,Q.
4687,Sophie,P.
4688,Jesse,X.
4689,Emma,M.
4690,Daan,P.
4691,Eva,F.
4692,Daan,Y.
4693,Milan,M.
4694,Daan,Q.
4695,Sara,I.
4696,Lucas,C.
4697,Mila,D.
4698,Bram,U.
4699,Zoë,S.
4700,Sophie,Q.
4701,Lotte,Q.
4702,Julia,Q.
4703,Sem,E.
4704,Noah,C.
4705,Finn,H.
4706,Finn,H.
4707,Sophie,B.
4708,Sara,F.
4709,Emma,C.
4710,Eva,P.
4711,Sem,Y.
4712,Sara,J.
4713,Sem,E.
4714,Lotte,V.
4715,Fleur,O.
4716,Eva,F.
4717,Emma,L.
4718,Lotte,G.
4719,Finn,D.
4720,Sem,O.
4721,Sophie,D.
4722,Finn,U.
4723,Milan,Y.
4724,Milan,S.
4725,Lotte,E.
4726,Emma,U.
4727,Lucas,S.
4728,Noah,P.
4729,Jesse,Y.
4730,Sara,S.
4731,Emma,E.
4732,Finn,N.
4733,Sara,C.
4734,Sara,H.
4735,Lotte,Q.
4736,Zoë,Q.
4737,Levi,E.
4738,Sara,I.
4739,Zoë,J.
